Workbook

Sheet Assumptions
A1: Assumption | B1: Value | C1: Note
A2: AUD to USD rate | B2: 0.7 | C2: Applied to AUD rows. Edit B2 to refresh every sheet.
A3: USD to USD | B3: 1 | C3: No conversion.
A4: USD to IDR rate | B4: 17500 | C4: Applied to all USD Value to get Value IDR. Edit B4 to refresh every sheet.
A5: Rows with non-integer quantity | B5: Excluded | C5: 10 rows removed (SSB Unit / Orica Australia / 2026).
A6: Rows removed by instruction | B6: Excluded | C6: 8 rows 'Komatsu 830 Ultima/Westech Truck Bodies Components' (Austin, Australia, 2023) removed.
A7: Net Weight | B7: As declared | C7: Present for every row because every row was sourced from a screenshot showing a Net Weight column.
A8: Brand / Type-Model | B8: NA where not applicable | C8: Filled only when Original Goods Description clearly identifies a truck brand and model. Spare parts, tanks, trailers and generic components are marked NA rather than guessed.
A9: Customer Category | B9: Owner / Contractor / Principal / Trader-Distributor / Fabricator | C9: Verified against public industry sources (company sites, mining news, Wikipedia), not inferred from name alone.
A10: 2026 coverage | B10: Jan-Sep 2026 | C10: Partial year.

Sheet Raw Data
A1: Competitor | B1: Product Category | C1: Buyer | D1: Customer Category | E1: Country | F1: Year | G1: Quantity | H1: Unit Price | I1: Currency | J1: FX to USD | K1: Value USD | L1: Value IDR | M1: Value USD per Unit | N1: Value IDR per Unit | O1: Original Goods Description | P1: Brand | Q1: Type/Model | R1: Net Weight | S1: Weight per Unit | T1: Freight | U1: Insurance | V1: FOB | W1: Freight IDR | X1: Insurance IDR | Y1: FOB IDR
A2: Austin Engineering | B2: Dump bodies/truck trays | C2: Hamersley Iron Pty Limited | D2: Owner | E2: Australia | F2: 2026 | G2: 3 | H2: 198582.12 | I2: AUD | J2: =IF($I2="AUD",Assumptions!$B$2,Assumptions!$B$3) | K2: =$G2*$H2*$J2 | L2: =$K2*Assumptions!$B$4 | M2: =RawTx[[#This Row],[Value USD]]/RawTx[[#This Row],[Quantity]] | N2: =RawTx[[#This Row],[Value IDR]]/RawTx[[#This Row],[Quantity]] | O2: RTIO - KOMATSU 930E - 4 HPT STD (177390C) - WEST ANGELAS C/W ACCESSORIES | P2: Komatsu | Q2: 930E | R2: 100650 | S2: =IFERROR($R2/$G2,"") | T2: 34369.86 | U2: 3593.37 | V2: 850566 | W2: =IF(ISNUMBER($T2),$T2*$J2*Assumptions!$B$4,"NA") | X2: =IF(ISNUMBER($U2),$U2*$J2*Assumptions!$B$4,"NA") | Y2: =IF(ISNUMBER($V2),$V2*$J2*Assumptions!$B$4,"NA")
A3: Austin Engineering | B3: Dump bodies/truck trays | C3: Hamersley Iron Pty Limited | D3: Owner | E3: Australia | F3: 2026 | G3: 3 | H3: 202635.39 | I3: AUD | J3: =IF($I3="AUD",Assumptions!$B$2,Assumptions!$B$3) | K3: =$G3*$H3*$J3 | L3: =$K3*Assumptions!$B$4 | M3: =RawTx[[#This Row],[Value USD]]/RawTx[[#This Row],[Quantity]] | N3: =RawTx[[#This Row],[Value IDR]]/RawTx[[#This Row],[Quantity]] | O3: RTIO - KOMATSU 930E - 4 HPT STD (177390B) - WEST ANGELAS C/W ACCESSORIES | P3: Komatsu | Q3: 930E | R3: 101070 | S3: =IFERROR($R3/$G3,"") | T3: 34369.86 | U3: 3593.37 | V3: 867926.91 | W3: =IF(ISNUMBER($T3),$T3*$J3*Assumptions!$B$4,"NA") | X3: =IF(ISNUMBER($U3),$U3*$J3*Assumptions!$B$4,"NA") | Y3: =IF(ISNUMBER($V3),$V3*$J3*Assumptions!$B$4,"NA")
A4: Austin Engineering | B4: Dump bodies/truck trays | C4: Hamersley Iron Pty Limited | D4: Owner | E4: Australia | F4: 2026 | G4: 6 | H4: 197612.79 | I4: AUD | J4: =IF($I4="AUD",Assumptions!$B$2,Assumptions!$B$3) | K4: =$G4*$H4*$J4 | L4: =$K4*Assumptions!$B$4 | M4: =RawTx[[#This Row],[Value USD]]/RawTx[[#This Row],[Quantity]] | N4: =RawTx[[#This Row],[Value IDR]]/RawTx[[#This Row],[Quantity]] | O4: RTIO - KOMATSU 830E-1 HPT STD - MESA A C/W ACCESSORIES | P4: Komatsu | Q4: 830E-1 | R4: 166.52 | S4: =IFERROR($R4/$G4,"") | T4: 252851.4 | U4: 9692.64 | V4: 1685676 | W4: =IF(ISNUMBER($T4),$T4*$J4*Assumptions!$B$4,"NA") | X4: =IF(ISNUMBER($U4),$U4*$J4*Assumptions!$B$4,"NA") | Y4: =IF(ISNUMBER($V4),$V4*$J4*Assumptions!$B$4,"NA")
A5: Austin Engineering | B5: Dump bodies/truck trays | C5: Hamersley Iron Pty Limited | D5: Owner | E5: Australia | F5: 2026 | G5: 2 | H5: 199188.62 | I5: AUD | J5: =IF($I5="AUD",Assumptions!$B$2,Assumptions!$B$3) | K5: =$G5*$H5*$J5 | L5: =$K5*Assumptions!$B$4 | M5: =RawTx[[#This Row],[Value USD]]/RawTx[[#This Row],[Quantity]] | N5: =RawTx[[#This Row],[Value IDR]]/RawTx[[#This Row],[Quantity]] | O5: RTIO - KOMATSU 830E-1 HPT STD - MESA A C/W ACCESSORIES PO REFERENCE: 301... | P5: Komatsu | Q5: 830E-1 | R5: 55508 | S5: =IFERROR($R5/$G5,"") | T5: 33713.52 | U5: 3524.75 | V5: 561892 | W5: =IF(ISNUMBER($T5),$T5*$J5*Assumptions!$B$4,"NA") | X5: =IF(ISNUMBER($U5),$U5*$J5*Assumptions!$B$4,"NA") | Y5: =IF(ISNUMBER($V5),$V5*$J5*Assumptions!$B$4,"NA")
A6: Austin Engineering | B6: Dump bodies/truck trays | C6: Hamersley Iron Pty Limited | D6: Owner | E6: Australia | F6: 2026 | G6: 4 | H6: 15754.06 | I6: AUD | J6: =IF($I6="AUD",Assumptions!$B$2,Assumptions!$B$3) | K6: =$G6*$H6*$J6 | L6: =$K6*Assumptions!$B$4 | M6: =RawTx[[#This Row],[Value USD]]/RawTx[[#This Row],[Quantity]] | N6: =RawTx[[#This Row],[Value IDR]]/RawTx[[#This Row],[Quantity]] | O6: KOMATSU HD785 - 7 ULTIMA - 178320B C/W ACCESSORIES | P6: Komatsu | Q6: HD785-7 | R6: 62320 | S6: =IFERROR($R6/$G6,"") | T6: NA | U6: NA | V6: NA | W6: =IF(ISNUMBER($T6),$T6*$J6*Assumptions!$B$4,"NA") | X6: =IF(ISNUMBER($U6),$U6*$J6*Assumptions!$B$4,"NA") | Y6: =IF(ISNUMBER($V6),$V6*$J6*Assumptions!$B$4,"NA")
A7: Austin Engineering | B7: Dump bodies/truck trays | C7: Hamersley Iron Pty Limited | D7: Owner | E7: Australia | F7: 2026 | G7: 4 | H7: 199188.62 | I7: AUD | J7: =IF($I7="AUD",Assumptions!$B$2,Assumptions!$B$3) | K7: =$G7*$H7*$J7 | L7: =$K7*Assumptions!$B$4 | M7: =RawTx[[#This Row],[Value USD]]/RawTx[[#This Row],[Quantity]] | N7: =RawTx[[#This Row],[Value IDR]]/RawTx[[#This Row],[Quantity]] | O7: RTIO - KOMATSU 830E-1 HPT STD-HOPE DOWNS 4 C/W ACCESSORIES PO REFEREN... | P7: Komatsu | Q7: 830E-1 | R7: 111016 | S7: =IFERROR($R7/$G7,"") | T7: 33713.52 | U7: 3524.75 | V7: 1123784 | W7: =IF(ISNUMBER($T7),$T7*$J7*Assumptions!$B$4,"NA") | X7: =IF(ISNUMBER($U7),$U7*$J7*Assumptions!$B$4,"NA") | Y7: =IF(ISNUMBER($V7),$V7*$J7*Assumptions!$B$4,"NA")
A8: Austin Engineering | B8: Dump bodies/truck trays | C8: Hamersley Iron Pty Limited | D8: Owner | E8: Australia | F8: 2026 | G8: 3 | H8: 202812.21 | I8: AUD | J8: =IF($I8="AUD",Assumptions!$B$2,Assumptions!$B$3) | K8: =$G8*$H8*$J8 | L8: =$K8*Assumptions!$B$4 | M8: =RawTx[[#This Row],[Value USD]]/RawTx[[#This Row],[Quantity]] | N8: =RawTx[[#This Row],[Value IDR]]/RawTx[[#This Row],[Quantity]] | O8: RTIO - KOM 830E-1 HPT STD - BROCKMAN 4 C/W ACCESSORIES | P8: Komatsu | Q8: 830E-1 | R8: 83262 | S8: =IFERROR($R8/$G8,"") | T8: 255209.24 | U8: 9783.02 | V8: 842838 | W8: =IF(ISNUMBER($T8),$T8*$J8*Assumptions!$B$4,"NA") | X8: =IF(ISNUMBER($U8),$U8*$J8*Assumptions!$B$4,"NA") | Y8: =IF(ISNUMBER($V8),$V8*$J8*Assumptions!$B$4,"NA")
A9: Austin Engineering | B9: Dump bodies/truck trays | C9: Hamersley Iron Pty Limited | D9: Owner | E9: Australia | F9: 2026 | G9: 3 | H9: 202812.21 | I9: AUD | J9: =IF($I9="AUD",Assumptions!$B$2,Assumptions!$B$3) | K9: =$G9*$H9*$J9 | L9: =$K9*Assumptions!$B$4 | M9: =RawTx[[#This Row],[Value USD]]/RawTx[[#This Row],[Quantity]] | N9: =RawTx[[#This Row],[Value IDR]]/RawTx[[#This Row],[Quantity]] | O9: RTIO - KOM 830E-1 HPT STD - HOPE DOWN 1 C/W ACCESSORIES | P9: Komatsu | Q9: 830E-1 | R9: 83262 | S9: =IFERROR($R9/$G9,"") | T9: 252851.4 | U9: 9692.64 | V9: 842838 | W9: =IF(ISNUMBER($T9),$T9*$J9*Assumptions!$B$4,"NA") | X9: =IF(ISNUMBER($U9),$U9*$J9*Assumptions!$B$4,"NA") | Y9: =IF(ISNUMBER($V9),$V9*$J9*Assumptions!$B$4,"NA")
A10: Austin Engineering | B10: Dump bodies/truck trays | C10: Hamersley Iron Pty Limited | D10: Owner | E10: Australia | F10: 2026 | G10: 6 | H10: 204671.84 | I10: AUD | J10: =IF($I10="AUD",Assumptions!$B$2,Assumptions!$B$3) | K10: =$G10*$H10*$J10 | L10: =$K10*Assumptions!$B$4 | M10: =RawTx[[#This Row],[Value USD]]/RawTx[[#This Row],[Quantity]] | N10: =RawTx[[#This Row],[Value IDR]]/RawTx[[#This Row],[Quantity]] | O10: RTIO - KOM 830E-1 HPT STD - BROCKMAN 4 C/W ACCESSORIES PO REFERENCE : 3... | P10: Komatsu | Q10: 830E-1 | R10: 166524 | S10: =IFERROR($R10/$G10,"") | T10: 33713.52 | U10: 3524.75 | V10: 1685676 | W10: =IF(ISNUMBER($T10),$T10*$J10*Assumptions!$B$4,"NA") | X10: =IF(ISNUMBER($U10),$U10*$J10*Assumptions!$B$4,"NA") | Y10: =IF(ISNUMBER($V10),$V10*$J10*Assumptions!$B$4,"NA")
A11: Austin Engineering | B11: Dump bodies/truck trays | C11: Hamersley Iron Pty Limited | D11: Owner | E11: Australia | F11: 2026 | G11: 1 | H11: 200814.39 | I11: AUD | J11: =IF($I11="AUD",Assumptions!$B$2,Assumptions!$B$3) | K11: =$G11*$H11*$J11 | L11: =$K11*Assumptions!$B$4 | M11: =RawTx[[#This Row],[Value USD]]/RawTx[[#This Row],[Quantity]] | N11: =RawTx[[#This Row],[Value IDR]]/RawTx[[#This Row],[Quantity]] | O11: RTIO-KOM 830E-5 HPT STD-BROCKMAN 4 C/W ACCESSORIES | P11: Komatsu | Q11: 830E-5 | R11: 28425 | S11: =IFERROR($R11/$G11,"") | T11: 255209.24 | U11: 9783.02 | V11: 284859 | W11: =IF(ISNUMBER($T11),$T11*$J11*Assumptions!$B$4,"NA") | X11: =IF(ISNUMBER($U11),$U11*$J11*Assumptions!$B$4,"NA") | Y11: =IF(ISNUMBER($V11),$V11*$J11*Assumptions!$B$4,"NA")
A12: Austin Engineering | B12: Dump bodies/truck trays | C12: Hamersley Iron Pty Limited | D12: Owner | E12: Australia | F12: 2026 | G12: 3 | H12: 198055.88 | I12: AUD | J12: =IF($I12="AUD",Assumptions!$B$2,Assumptions!$B$3) | K12: =$G12*$H12*$J12 | L12: =$K12*Assumptions!$B$4 | M12: =RawTx[[#This Row],[Value USD]]/RawTx[[#This Row],[Quantity]] | N12: =RawTx[[#This Row],[Value IDR]]/RawTx[[#This Row],[Quantity]] | O12: RTIO-KOM 830E-1 HPT STD - BROCKMAN 4 C/W ACCESSORIES | P12: Komatsu | Q12: 830E-1 | R12: 83262 | S12: =IFERROR($R12/$G12,"") | T12: 252851.4 | U12: 9692.64 | V12: 842838 | W12: =IF(ISNUMBER($T12),$T12*$J12*Assumptions!$B$4,"NA") | X12: =IF(ISNUMBER($U12),$U12*$J12*Assumptions!$B$4,"NA") | Y12: =IF(ISNUMBER($V12),$V12*$J12*Assumptions!$B$4,"NA")
A13: Austin Engineering | B13: Dump bodies/truck trays | C13: Hamersley Iron Pty Limited | D13: Owner | E13: Australia | F13: 2026 | G13: 2 | H13: 202217.24 | I13: AUD | J13: =IF($I13="AUD",Assumptions!$B$2,Assumptions!$B$3) | K13: =$G13*$H13*$J13 | L13: =$K13*Assumptions!$B$4 | M13: =RawTx[[#This Row],[Value USD]]/RawTx[[#This Row],[Quantity]] | N13: =RawTx[[#This Row],[Value IDR]]/RawTx[[#This Row],[Quantity]] | O13: RTIO-KOM 830E-5 HPT STD (177394B) HOPE DOWNS 1 EXP C/W ACCESSORIES | P13: Komatsu | Q13: 830E-5 | R13: 56850 | S13: =IFERROR($R13/$G13,"") | T13: 255209.24 | U13: 9783.02 | V13: 573697.94 | W13: =IF(ISNUMBER($T13),$T13*$J13*Assumptions!$B$4,"NA") | X13: =IF(ISNUMBER($U13),$U13*$J13*Assumptions!$B$4,"NA") | Y13: =IF(ISNUMBER($V13),$V13*$J13*Assumptions!$B$4,"NA")
A14: Austin Engineering | B14: Dump bodies/truck trays | C14: Hamersley Iron Pty Limited | D14: Owner | E14: Australia | F14: 2026 | G14: 3 | H14: 204037.44 | I14: AUD | J14: =IF($I14="AUD",Assumptions!$B$2,Assumptions!$B$3) | K14: =$G14*$H14*$J14 | L14: =$K14*Assumptions!$B$4 | M14: =RawTx[[#This Row],[Value USD]]/RawTx[[#This Row],[Quantity]] | N14: =RawTx[[#This Row],[Value IDR]]/RawTx[[#This Row],[Quantity]] | O14: RTIO-KOM 830E-5 HPT STD (177394B) HOPE DOWNS 1 EXP C/W ACCESSORIES PO R... | P14: Komatsu | Q14: 830E-5 | R14: 85275 | S14: =IFERROR($R14/$G14,"") | T14: 34421.88 | U14: 3598.81 | V14: 860546.91 | W14: =IF(ISNUMBER($T14),$T14*$J14*Assumptions!$B$4,"NA") | X14: =IF(ISNUMBER($U14),$U14*$J14*Assumptions!$B$4,"NA") | Y14: =IF(ISNUMBER($V14),$V14*$J14*Assumptions!$B$4,"NA")
A15: Austin Engineering | B15: Dump bodies/truck trays | C15: Hamersley Iron Pty Limited | D15: Owner | E15: Australia | F15: 2026 | G15: 1 | H15: 204037.44 | I15: AUD | J15: =IF($I15="AUD",Assumptions!$B$2,Assumptions!$B$3) | K15: =$G15*$H15*$J15 | L15: =$K15*Assumptions!$B$4 | M15: =RawTx[[#This Row],[Value USD]]/RawTx[[#This Row],[Quantity]] | N15: =RawTx[[#This Row],[Value IDR]]/RawTx[[#This Row],[Quantity]] | O15: RTIO-KOM 830E-AC HPT HD (177394B) HOPE DOWNS 4 C/W ACCESSORIES PO REFE... | P15: Komatsu | Q15: 830E-AC | R15: 28425 | S15: =IFERROR($R15/$G15,"") | T15: 34421.88 | U15: 3598.81 | V15: 286848.97 | W15: =IF(ISNUMBER($T15),$T15*$J15*Assumptions!$B$4,"NA") | X15: =IF(ISNUMBER($U15),$U15*$J15*Assumptions!$B$4,"NA") | Y15: =IF(ISNUMBER($V15),$V15*$J15*Assumptions!$B$4,"NA")
A16: Austin Engineering | B16: Dump bodies/truck trays | C16: Hamersley Iron Pty Limited | D16: Owner | E16: Australia | F16: 2026 | G16: 2 | H16: 204037.44 | I16: AUD | J16: =IF($I16="AUD",Assumptions!$B$2,Assumptions!$B$3) | K16: =$G16*$H16*$J16 | L16: =$K16*Assumptions!$B$4 | M16: =RawTx[[#This Row],[Value USD]]/RawTx[[#This Row],[Quantity]] | N16: =RawTx[[#This Row],[Value IDR]]/RawTx[[#This Row],[Quantity]] | O16: RTIO-KOM 830E-5 HPT STD (177394B) HOPE DOWNS 2 EXP C/W ACCESSORIES PO F... | P16: Komatsu | Q16: 830E-5 | R16: 56850 | S16: =IFERROR($R16/$G16,"") | T16: 34421.88 | U16: 3598.81 | V16: 573697.94 | W16: =IF(ISNUMBER($T16),$T16*$J16*Assumptions!$B$4,"NA") | X16: =IF(ISNUMBER($U16),$U16*$J16*Assumptions!$B$4,"NA") | Y16: =IF(ISNUMBER($V16),$V16*$J16*Assumptions!$B$4,"NA")
A17: Austin Engineering | B17: Dump bodies/truck trays | C17: Hamersley Iron Pty Limited | D17: Owner | E17: Australia | F17: 2026 | G17: 5 | H17: 200574.22 | I17: AUD | J17: =IF($I17="AUD",Assumptions!$B$2,Assumptions!$B$3) | K17: =$G17*$H17*$J17 | L17: =$K17*Assumptions!$B$4 | M17: =RawTx[[#This Row],[Value USD]]/RawTx[[#This Row],[Quantity]] | N17: =RawTx[[#This Row],[Value IDR]]/RawTx[[#This Row],[Quantity]] | O17: RTIO-KOM 830E-5 HPT STD (177394B) HOPE DOWNS 2 EXP C/W ACCESSORIES | P17: Komatsu | Q17: 830E-5 | R17: 142125 | S17: =IFERROR($R17/$G17,"") | T17: 258164.07 | U17: 9896.29 | V17: 1434244.9 | W17: =IF(ISNUMBER($T17),$T17*$J17*Assumptions!$B$4,"NA") | X17: =IF(ISNUMBER($U17),$U17*$J17*Assumptions!$B$4,"NA") | Y17: =IF(ISNUMBER($V17),$V17*$J17*Assumptions!$B$4,"NA")
A18: Austin Engineering | B18: Dump bodies/truck trays | C18: Hamersley Iron Pty Limited | D18: Owner | E18: Australia | F18: 2026 | G18: 1 | H18: 200574.22 | I18: AUD | J18: =IF($I18="AUD",Assumptions!$B$2,Assumptions!$B$3) | K18: =$G18*$H18*$J18 | L18: =$K18*Assumptions!$B$4 | M18: =RawTx[[#This Row],[Value USD]]/RawTx[[#This Row],[Quantity]] | N18: =RawTx[[#This Row],[Value IDR]]/RawTx[[#This Row],[Quantity]] | O18: RTIO-KOM 830E-5 HPT STD (177394B) HOPE DOWNS 1 EXP C/W ACCESSORIES | P18: Komatsu | Q18: 830E-5 | R18: 28425 | S18: =IFERROR($R18/$G18,"") | T18: 258164.07 | U18: 9896.29 | V18: 286848.97 | W18: =IF(ISNUMBER($T18),$T18*$J18*Assumptions!$B$4,"NA") | X18: =IF(ISNUMBER($U18),$U18*$J18*Assumptions!$B$4,"NA") | Y18: =IF(ISNUMBER($V18),$V18*$J18*Assumptions!$B$4,"NA")
... A21: Austin Engineering | B21: Dump bodies/truck trays | C21: Hamersley Iron Pty Limited | D21: Owner | E21: Australia | F21: 2026 | G21: 6 | H21: 202540.96 | I21: AUD | J21: =IF($I21="AUD",Assumptions!$B$2,Assumptions!$B$3) | K21: =$G21*$H21*$J21 | L21: =$K21*Assumptions!$B$4 | M21: =RawTx[[#This Row],[Value USD]]/RawTx[[#This Row],[Quantity]] | N21: =RawTx[[#This Row],[Value IDR]]/RawTx[[#This Row],[Quantity]] | O21: RIO-TINTO - KOMATSU 830E-5 HPT STD (177394B) - BROCKMAN 4 C/W ACCESSORI... | P21: Komatsu | Q21: 830E-5 | R21: 170550 | S21: =IFERROR($R21/$G21,"") | T21: 258164.07 | U21: 9896.29 | V21: 1721093.8 | W21: =IF(ISNUMBER($T21),$T21*$J21*Assumptions!$B$4,"NA") | X21: =IF(ISNUMBER($U21),$U21*$J21*Assumptions!$B$4,"NA") | Y21: =IF(ISNUMBER($V21),$V21*$J21*Assumptions!$B$4,"NA")
A22: Austin Engineering | B22: Dump bodies/truck trays | C22: Hamersley Iron Pty Limited | D22: Owner | E22: Australia | F22: 2026 | G22: 2 | H22: 192116.14 | I22: AUD | J22: =IF($I22="AUD",Assumptions!$B$2,Assumptions!$B$3) | K22: =$G22*$H22*$J22 | L22: =$K22*Assumptions!$B$4 | M22: =RawTx[[#This Row],[Value USD]]/RawTx[[#This Row],[Quantity]] | N22: =RawTx[[#This Row],[Value IDR]]/RawTx[[#This Row],[Quantity]] | O22: RIO-TINTO - KOMATSU 830E-1 HPT STD (177394B) - BROCKMAN 4 C/W ACCESSORI... | P22: Komatsu | Q22: 830E-1 | R22: 56850 | S22: =IFERROR($R22/$G22,"") | T22: NA | U22: NA | V22: NA | W22: =IF(ISNUMBER($T22),$T22*$J22*Assumptions!$B$4,"NA") | X22: =IF(ISNUMBER($U22),$U22*$J22*Assumptions!$B$4,"NA") | Y22: =IF(ISNUMBER($V22),$V22*$J22*Assumptions!$B$4,"NA")
A23: Austin Engineering | B23: Dump bodies/truck trays | C23: Hamersley Iron Pty Limited | D23: Owner | E23: Australia | F23: 2026 | G23: 4 | H23: 192116.14 | I23: AUD | J23: =IF($I23="AUD",Assumptions!$B$2,Assumptions!$B$3) | K23: =$G23*$H23*$J23 | L23: =$K23*Assumptions!$B$4 | M23: =RawTx[[#This Row],[Value USD]]/RawTx[[#This Row],[Quantity]] | N23: =RawTx[[#This Row],[Value IDR]]/RawTx[[#This Row],[Quantity]] | O23: RIO-TINTO - KOMATSU 830E-1 HPT STD (177394B) - BROCKMAN 4 C/W ACCESSORI... | P23: Komatsu | Q23: 830E-1 | R23: 113700 | S23: =IFERROR($R23/$G23,"") | T23: 34421.88 | U23: 3598.81 | V23: 1147395.9 | W23: =IF(ISNUMBER($T23),$T23*$J23*Assumptions!$B$4,"NA") | X23: =IF(ISNUMBER($U23),$U23*$J23*Assumptions!$B$4,"NA") | Y23: =IF(ISNUMBER($V23),$V23*$J23*Assumptions!$B$4,"NA")
A24: Austin Engineering | B24: Dump bodies/truck trays | C24: Hamersley Iron Pty Limited | D24: Owner | E24: Australia | F24: 2026 | G24: 3 | H24: 210082 | I24: AUD | J24: =IF($I24="AUD",Assumptions!$B$2,Assumptions!$B$3) | K24: =$G24*$H24*$J24 | L24: =$K24*Assumptions!$B$4 | M24: =RawTx[[#This Row],[Value USD]]/RawTx[[#This Row],[Quantity]] | N24: =RawTx[[#This Row],[Value IDR]]/RawTx[[#This Row],[Quantity]] | O24: RIO-TINTO-KOMATSU 830E-5HPT STD (177086C) WESTERN RANGES C/W ACCESSO... | P24: Komatsu | Q24: 830E-5 | R24: 94500 | S24: =IFERROR($R24/$G24,"") | T24: 36648.54 | U24: 3831.6 | V24: 964499.91 | W24: =IF(ISNUMBER($T24),$T24*$J24*Assumptions!$B$4,"NA") | X24: =IF(ISNUMBER($U24),$U24*$J24*Assumptions!$B$4,"NA") | Y24: =IF(ISNUMBER($V24),$V24*$J24*Assumptions!$B$4,"NA")
A25: Austin Engineering | B25: Dump bodies/truck trays | C25: Hamersley Iron Pty Limited | D25: Owner | E25: Australia | F25: 2026 | G25: 3 | H25: 189047 | I25: AUD | J25: =IF($I25="AUD",Assumptions!$B$2,Assumptions!$B$3) | K25: =$G25*$H25*$J25 | L25: =$K25*Assumptions!$B$4 | M25: =RawTx[[#This Row],[Value USD]]/RawTx[[#This Row],[Quantity]] | N25: =RawTx[[#This Row],[Value IDR]]/RawTx[[#This Row],[Quantity]] | O25: RIO-TINTO-KOMATSU 930E-4HPT STD (177390B) WEST ANGELAS C/W ACCESSORIE... | P25: Komatsu | Q25: 930E-4 | R25: 101070 | S25: =IFERROR($R25/$G25,"") | T25: 36648.54 | U25: 3831.6 | V25: 867926.91 | W25: =IF(ISNUMBER($T25),$T25*$J25*Assumptions!$B$4,"NA") | X25: =IF(ISNUMBER($U25),$U25*$J25*Assumptions!$B$4,"NA") | Y25: =IF(ISNUMBER($V25),$V25*$J25*Assumptions!$B$4,"NA")
A26: Austin Engineering | B26: Dump bodies/truck trays | C26: Hamersley Iron Pty Limited | D26: Owner | E26: Australia | F26: 2026 | G26: 4 | H26: 188249.86 | I26: AUD | J26: =IF($I26="AUD",Assumptions!$B$2,Assumptions!$B$3) | K26: =$G26*$H26*$J26 | L26: =$K26*Assumptions!$B$4 | M26: =RawTx[[#This Row],[Value USD]]/RawTx[[#This Row],[Quantity]] | N26: =RawTx[[#This Row],[Value IDR]]/RawTx[[#This Row],[Quantity]] | O26: KOMATSU 830E-5HPT STD (177390B) HOPE DOWNS 2 EXP C/W ACCESSORIES PO RI... | P26: Komatsu | Q26: 830E-5 | R26: 113700 | S26: =IFERROR($R26/$G26,"") | T26: 34520.28 | U26: 3609.09 | V26: 1147395.9 | W26: =IF(ISNUMBER($T26),$T26*$J26*Assumptions!$B$4,"NA") | X26: =IF(ISNUMBER($U26),$U26*$J26*Assumptions!$B$4,"NA") | Y26: =IF(ISNUMBER($V26),$V26*$J26*Assumptions!$B$4,"NA")
A27: Austin Engineering | B27: Dump bodies/truck trays | C27: Hamersley Iron Pty Limited | D27: Owner | E27: Australia | F27: 2026 | G27: 1 | H27: 189864.27 | I27: AUD | J27: =IF($I27="AUD",Assumptions!$B$2,Assumptions!$B$3) | K27: =$G27*$H27*$J27 | L27: =$K27*Assumptions!$B$4 | M27: =RawTx[[#This Row],[Value USD]]/RawTx[[#This Row],[Quantity]] | N27: =RawTx[[#This Row],[Value IDR]]/RawTx[[#This Row],[Quantity]] | O27: KOMATSU 930E-4HPT STDI (177390B) WEST ANGELAS C/W ACCESSORIES PO REFF:... | P27: Komatsu | Q27: 930E-4 | R27: 34295 | S27: =IFERROR($R27/$G27,"") | T27: 34520.28 | U27: 3609.09 | V27: 289308.97 | W27: =IF(ISNUMBER($T27),$T27*$J27*Assumptions!$B$4,"NA") | X27: =IF(ISNUMBER($U27),$U27*$J27*Assumptions!$B$4,"NA") | Y27: =IF(ISNUMBER($V27),$V27*$J27*Assumptions!$B$4,"NA")
A28: Austin Engineering | B28: Dump bodies/truck trays | C28: Hamersley Iron Pty Limited | D28: Owner | E28: Australia | F28: 2026 | G28: 1 | H28: 189864.27 | I28: AUD | J28: =IF($I28="AUD",Assumptions!$B$2,Assumptions!$B$3) | K28: =$G28*$H28*$J28 | L28: =$K28*Assumptions!$B$4 | M28: =RawTx[[#This Row],[Value USD]]/RawTx[[#This Row],[Quantity]] | N28: =RawTx[[#This Row],[Value IDR]]/RawTx[[#This Row],[Quantity]] | O28: KOMATSU 930E-4HPT STD-NAMMULDI (177390B) C/W ACCESSORIES PO REFF:3016... | P28: Komatsu | Q28: 930E-4 | R28: 34295 | S28: =IFERROR($R28/$G28,"") | T28: 34520.28 | U28: 3609.09 | V28: 289308.97 | W28: =IF(ISNUMBER($T28),$T28*$J28*Assumptions!$B$4,"NA") | X28: =IF(ISNUMBER($U28),$U28*$J28*Assumptions!$B$4,"NA") | Y28: =IF(ISNUMBER($V28),$V28*$J28*Assumptions!$B$4,"NA")
A29: Austin Engineering | B29: Dump bodies/truck trays | C29: Hamersley Iron Pty Limited | D29: Owner | E29: Australia | F29: 2026 | G29: 6 | H29: 188037.05 | I29: AUD | J29: =IF($I29="AUD",Assumptions!$B$2,Assumptions!$B$3) | K29: =$G29*$H29*$J29 | L29: =$K29*Assumptions!$B$4 | M29: =RawTx[[#This Row],[Value USD]]/RawTx[[#This Row],[Quantity]] | N29: =RawTx[[#This Row],[Value IDR]]/RawTx[[#This Row],[Quantity]] | O29: NAMMULDI-930E-4 HPT STD (177390B) C/W ACCESSORIES PO REFERENCE : 30161... | P29: Komatsu | Q29: 930E-4 | R29: 205770 | S29: =IFERROR($R29/$G29,"") | T29: 90090.81 | U29: 3743.19 | V29: 1735853.8 | W29: =IF(ISNUMBER($T29),$T29*$J29*Assumptions!$B$4,"NA") | X29: =IF(ISNUMBER($U29),$U29*$J29*Assumptions!$B$4,"NA") | Y29: =IF(ISNUMBER($V29),$V29*$J29*Assumptions!$B$4,"NA")
A30: Austin Engineering | B30: Dump bodies/truck trays | C30: Anglo Coal Capcoal Management | D30: Owner | E30: Australia | F30: 2025 | G30: 6 | H30: 285631.12 | I30: AUD | J30: =IF($I30="AUD",Assumptions!$B$2,Assumptions!$B$3) | K30: =$G30*$H30*$J30 | L30: =$K30*Assumptions!$B$4 | M30: =RawTx[[#This Row],[Value USD]]/RawTx[[#This Row],[Quantity]] | N30: =RawTx[[#This Row],[Value IDR]]/RawTx[[#This Row],[Quantity]] | O30: KOMATSU 830E-5 HPT TRUCK BODY C/W ACCESSORIES, PO REFERENCE : 4503710... | P30: Komatsu | Q30: 830E-5 | R30: 212100 | S30: =IFERROR($R30/$G30,"") | T30: 52711.74 | U30: 5511.01 | V30: 2635587 | W30: =IF(ISNUMBER($T30),$T30*$J30*Assumptions!$B$4,"NA") | X30: =IF(ISNUMBER($U30),$U30*$J30*Assumptions!$B$4,"NA") | Y30: =IF(ISNUMBER($V30),$V30*$J30*Assumptions!$B$4,"NA")
A31: Austin Engineering | B31: Dump bodies/truck trays | C31: Hamersley Iron Pty Limited | D31: Owner | E31: Australia | F31: 2025 | G31: 2 | H31: 192512.54 | I31: AUD | J31: =IF($I31="AUD",Assumptions!$B$2,Assumptions!$B$3) | K31: =$G31*$H31*$J31 | L31: =$K31*Assumptions!$B$4 | M31: =RawTx[[#This Row],[Value USD]]/RawTx[[#This Row],[Quantity]] | N31: =RawTx[[#This Row],[Value IDR]]/RawTx[[#This Row],[Quantity]] | O31: TOM PRICE-830E-AC HPT HD (177392B) C/W ACCESSORIESPO REFERENCE : 30161... | P31: Komatsu | Q31: 830E-AC | R31: 60836 | S31: =IFERROR($R31/$G31,"") | T31: 34672.84 | U31: 3625.05 | V31: 586245.94 | W31: =IF(ISNUMBER($T31),$T31*$J31*Assumptions!$B$4,"NA") | X31: =IF(ISNUMBER($U31),$U31*$J31*Assumptions!$B$4,"NA") | Y31: =IF(ISNUMBER($V31),$V31*$J31*Assumptions!$B$4,"NA")
A32: Austin Engineering | B32: Dump bodies/truck trays | C32: Hamersley Iron Pty Limited | D32: Owner | E32: Australia | F32: 2025 | G32: 2 | H32: 191013.07 | I32: AUD | J32: =IF($I32="AUD",Assumptions!$B$2,Assumptions!$B$3) | K32: =$G32*$H32*$J32 | L32: =$K32*Assumptions!$B$4 | M32: =RawTx[[#This Row],[Value USD]]/RawTx[[#This Row],[Quantity]] | N32: =RawTx[[#This Row],[Value IDR]]/RawTx[[#This Row],[Quantity]] | O32: TOM PRICE-830E-AC HPT HD (177392B) C/W ACCESSORIESPO REFERENCE : 30161... | P32: Komatsu | Q32: 830E-AC | R32: 60836 | S32: =IFERROR($R32/$G32,"") | T32: 28935.86 | U32: 3025.24 | V32: 586245.94 | W32: =IF(ISNUMBER($T32),$T32*$J32*Assumptions!$B$4,"NA") | X32: =IF(ISNUMBER($U32),$U32*$J32*Assumptions!$B$4,"NA") | Y32: =IF(ISNUMBER($V32),$V32*$J32*Assumptions!$B$4,"NA")
A33: Austin Engineering | B33: Dump bodies/truck trays | C33: Hamersley Iron Pty Limited | D33: Owner | E33: Australia | F33: 2025 | G33: 2 | H33: 186924.63 | I33: AUD | J33: =IF($I33="AUD",Assumptions!$B$2,Assumptions!$B$3) | K33: =$G33*$H33*$J33 | L33: =$K33*Assumptions!$B$4 | M33: =RawTx[[#This Row],[Value USD]]/RawTx[[#This Row],[Quantity]] | N33: =RawTx[[#This Row],[Value IDR]]/RawTx[[#This Row],[Quantity]] | O33: HOPE DOWNS 4-830E-AC HPT STD C/W ACCESSORIESPO REFERENCE : 3016401784 | P33: Komatsu | Q33: 830E-AC | R33: 55508 | S33: =IFERROR($R33/$G33,"") | T33: 28935.86 | U33: 3025.24 | V33: 573697.94 | W33: =IF(ISNUMBER($T33),$T33*$J33*Assumptions!$B$4,"NA") | X33: =IF(ISNUMBER($U33),$U33*$J33*Assumptions!$B$4,"NA") | Y33: =IF(ISNUMBER($V33),$V33*$J33*Assumptions!$B$4,"NA")
A34: Austin Engineering | B34: Dump bodies/truck trays | C34: Hamersley Iron Pty Limited | D34: Owner | E34: Australia | F34: 2025 | G34: 1 | H34: 186924.63 | I34: AUD | J34: =IF($I34="AUD",Assumptions!$B$2,Assumptions!$B$3) | K34: =$G34*$H34*$J34 | L34: =$K34*Assumptions!$B$4 | M34: =RawTx[[#This Row],[Value USD]]/RawTx[[#This Row],[Quantity]] | N34: =RawTx[[#This Row],[Value IDR]]/RawTx[[#This Row],[Quantity]] | O34: BROCKMAN 4-830E-5 HPT STD C/W ACCESSORIESPO REFERENCE: 3016405287 | P34: Komatsu | Q34: 830E-5 | R34: 28425 | S34: =IFERROR($R34/$G34,"") | T34: 28935.86 | U34: 3025.24 | V34: 286848.97 | W34: =IF(ISNUMBER($T34),$T34*$J34*Assumptions!$B$4,"NA") | X34: =IF(ISNUMBER($U34),$U34*$J34*Assumptions!$B$4,"NA") | Y34: =IF(ISNUMBER($V34),$V34*$J34*Assumptions!$B$4,"NA")
A35: Austin Engineering | B35: Dump bodies/truck trays | C35: Hamersley Iron Pty Limited | D35: Owner | E35: Australia | F35: 2025 | G35: 3 | H35: 193217.01 | I35: AUD | J35: =IF($I35="AUD",Assumptions!$B$2,Assumptions!$B$3) | K35: =$G35*$H35*$J35 | L35: =$K35*Assumptions!$B$4 | M35: =RawTx[[#This Row],[Value USD]]/RawTx[[#This Row],[Quantity]] | N35: =RawTx[[#This Row],[Value IDR]]/RawTx[[#This Row],[Quantity]] | O35: 830E-5 HPT MAX XHD (177086) - WESTERN RANGES C/W ACCESSORIES PO REFERE... | P35: Komatsu | Q35: 830E-5 | R35: 104166 | S35: =IFERROR($R35/$G35,"") | T35: NA | U35: NA | V35: NA | W35: =IF(ISNUMBER($T35),$T35*$J35*Assumptions!$B$4,"NA") | X35: =IF(ISNUMBER($U35),$U35*$J35*Assumptions!$B$4,"NA") | Y35: =IF(ISNUMBER($V35),$V35*$J35*Assumptions!$B$4,"NA")
A36: Austin Engineering | B36: Dump bodies/truck trays | C36: Hamersley Iron Pty Limited | D36: Owner | E36: Australia | F36: 2025 | G36: 1 | H36: 183085.26 | I36: AUD | J36: =IF($I36="AUD",Assumptions!$B$2,Assumptions!$B$3) | K36: =$G36*$H36*$J36 | L36: =$K36*Assumptions!$B$4 | M36: =RawTx[[#This Row],[Value USD]]/RawTx[[#This Row],[Quantity]] | N36: =RawTx[[#This Row],[Value IDR]]/RawTx[[#This Row],[Quantity]] | O36: 793F HPT MAX STD, MARANDOO C/W ACCESSORIES PO REFERENCE : 3014850234 | P36: Caterpillar | Q36: 793F | R36: 27890 | S36: =IFERROR($R36/$G36,"") | T36: NA | U36: NA | V36: NA | W36: =IF(ISNUMBER($T36),$T36*$J36*Assumptions!$B$4,"NA") | X36: =IF(ISNUMBER($U36),$U36*$J36*Assumptions!$B$4,"NA") | Y36: =IF(ISNUMBER($V36),$V36*$J36*Assumptions!$B$4,"NA")
A37: Austin Engineering | B37: Dump bodies/truck trays | C37: Hamersley Iron Pty Limited | D37: Owner | E37: Australia | F37: 2025 | G37: 3 | H37: 195779.35 | I37: AUD | J37: =IF($I37="AUD",Assumptions!$B$2,Assumptions!$B$3) | K37: =$G37*$H37*$J37 | L37: =$K37*Assumptions!$B$4 | M37: =RawTx[[#This Row],[Value USD]]/RawTx[[#This Row],[Quantity]] | N37: =RawTx[[#This Row],[Value IDR]]/RawTx[[#This Row],[Quantity]] | O37: 830E-5 HPT MAX XHD (177086) - WESTERN RANGES C/W ACCESSORIES PO REFERE... | P37: Komatsu | Q37: 830E-5 | R37: 104166 | S37: =IFERROR($R37/$G37,"") | T37: NA | U37: NA | V37: NA | W37: =IF(ISNUMBER($T37),$T37*$J37*Assumptions!$B$4,"NA") | X37: =IF(ISNUMBER($U37),$U37*$J37*Assumptions!$B$4,"NA") | Y37: =IF(ISNUMBER($V37),$V37*$J37*Assumptions!$B$4,"NA")
A38: Austin Engineering | B38: Dump bodies/truck trays | C38: Hamersley Iron Pty Limited | D38: Owner | E38: Australia | F38: 2025 | G38: 7 | H38: 183187.1 | I38: AUD | J38: =IF($I38="AUD",Assumptions!$B$2,Assumptions!$B$3) | K38: =$G38*$H38*$J38 | L38: =$K38*Assumptions!$B$4 | M38: =RawTx[[#This Row],[Value USD]]/RawTx[[#This Row],[Quantity]] | N38: =RawTx[[#This Row],[Value IDR]]/RawTx[[#This Row],[Quantity]] | O38: 930E HPT MAX STD, WEST ANGELAS CW/ ACCESSORIES PO REFERENCE : 30149561... | P38: Komatsu | Q38: 930E | R38: 224847 | S38: =IFERROR($R38/$G38,"") | T38: NA | U38: NA | V38: NA | W38: =IF(ISNUMBER($T38),$T38*$J38*Assumptions!$B$4,"NA") | X38: =IF(ISNUMBER($U38),$U38*$J38*Assumptions!$B$4,"NA") | Y38: =IF(ISNUMBER($V38),$V38*$J38*Assumptions!$B$4,"NA")
A39: Austin Engineering | B39: Dump bodies/truck trays | C39: Hamersley Iron Pty Limited | D39: Owner | E39: Australia | F39: 2025 | G39: 1 | H39: 183187.1 | I39: AUD | J39: =IF($I39="AUD",Assumptions!$B$2,Assumptions!$B$3) | K39: =$G39*$H39*$J39 | L39: =$K39*Assumptions!$B$4 | M39: =RawTx[[#This Row],[Value USD]]/RawTx[[#This Row],[Quantity]] | N39: =RawTx[[#This Row],[Value IDR]]/RawTx[[#This Row],[Quantity]] | O39: 930E HPT MAX STD, WEST ANGELAS CW/ ACCESSORIES PO REFERENCE : 30149561... | P39: Komatsu | Q39: 930E | R39: 34489 | S39: =IFERROR($R39/$G39,"") | T39: NA | U39: NA | V39: NA | W39: =IF(ISNUMBER($T39),$T39*$J39*Assumptions!$B$4,"NA") | X39: =IF(ISNUMBER($U39),$U39*$J39*Assumptions!$B$4,"NA") | Y39: =IF(ISNUMBER($V39),$V39*$J39*Assumptions!$B$4,"NA")
A40: Austin Engineering | B40: Dump bodies/truck trays | C40: Hamersley Iron Pty Limited | D40: Owner | E40: Australia | F40: 2025 | G40: 4 | H40: 191254.86 | I40: AUD | J40: =IF($I40="AUD",Assumptions!$B$2,Assumptions!$B$3) | K40: =$G40*$H40*$J40 | L40: =$K40*Assumptions!$B$4 | M40: =RawTx[[#This Row],[Value USD]]/RawTx[[#This Row],[Quantity]] | N40: =RawTx[[#This Row],[Value IDR]]/RawTx[[#This Row],[Quantity]] | O40: YANDICOOGINA-930E-4 HPT STD (177390B) C/W ACCESSORIES PO REFERENCE : 30 | P40: Komatsu | Q40: 930E-4 | R40: 132212 | S40: =IFERROR($R40/$G40,"") | T40: NA | U40: NA | V40: NA | W40: =IF(ISNUMBER($T40),$T40*$J40*Assumptions!$B$4,"NA") | X40: =IF(ISNUMBER($U40),$U40*$J40*Assumptions!$B$4,"NA") | Y40: =IF(ISNUMBER($V40),$V40*$J40*Assumptions!$B$4,"NA")
A41: Austin Engineering | B41: Dump bodies/truck trays | C41: Hamersley Iron Pty Limited | D41: Owner | E41: Australia | F41: 2025 | G41: 1 | H41: 189651.4 | I41: AUD | J41: =IF($I41="AUD",Assumptions!$B$2,Assumptions!$B$3) | K41: =$G41*$H41*$J41 | L41: =$K41*Assumptions!$B$4 | M41: =RawTx[[#This Row],[Value USD]]/RawTx[[#This Row],[Quantity]] | N41: =RawTx[[#This Row],[Value IDR]]/RawTx[[#This Row],[Quantity]] | O41: YANDICOOGINA-830E-AC HPT STD (177391B) C/W ACCESSORIES PO REFERENCE : 3 | P41: Komatsu | Q41: 830E-AC | R41: 27754 | S41: =IFERROR($R41/$G41,"") | T41: NA | U41: NA | V41: NA | W41: =IF(ISNUMBER($T41),$T41*$J41*Assumptions!$B$4,"NA") | X41: =IF(ISNUMBER($U41),$U41*$J41*Assumptions!$B$4,"NA") | Y41: =IF(ISNUMBER($V41),$V41*$J41*Assumptions!$B$4,"NA")
A42: Austin Engineering | B42: Dump bodies/truck trays | C42: Hamersley Iron Pty Limited | D42: Owner | E42: Australia | F42: 2025 | G42: 4 | H42: 189050.53 | I42: AUD | J42: =IF($I42="AUD",Assumptions!$B$2,Assumptions!$B$3) | K42: =$G42*$H42*$J42 | L42: =$K42*Assumptions!$B$4 | M42: =RawTx[[#This Row],[Value USD]]/RawTx[[#This Row],[Quantity]] | N42: =RawTx[[#This Row],[Value IDR]]/RawTx[[#This Row],[Quantity]] | O42: HOPE DOWN 1-830E-5 HPT STD C/W ACCESSORIES PO REFERENCE : 3016364631,3O | P42: Komatsu | Q42: 830E-5 | R42: 113700 | S42: =IFERROR($R42/$G42,"") | T42: 29139.24 | U42: 3046.51 | V42: 1163839 | W42: =IF(ISNUMBER($T42),$T42*$J42*Assumptions!$B$4,"NA") | X42: =IF(ISNUMBER($U42),$U42*$J42*Assumptions!$B$4,"NA") | Y42: =IF(ISNUMBER($V42),$V42*$J42*Assumptions!$B$4,"NA")
A43: Austin Engineering | B43: Dump bodies/truck trays | C43: Hamersley Iron Pty Limited | D43: Owner | E43: Australia | F43: 2025 | G43: 1 | H43: 190456.09 | I43: AUD | J43: =IF($I43="AUD",Assumptions!$B$2,Assumptions!$B$3) | K43: =$G43*$H43*$J43 | L43: =$K43*Assumptions!$B$4 | M43: =RawTx[[#This Row],[Value USD]]/RawTx[[#This Row],[Quantity]] | N43: =RawTx[[#This Row],[Value IDR]]/RawTx[[#This Row],[Quantity]] | O43: TOM PRICE-830E-AC HPT (177392B) C/W ACCESSORIES PO REFERENCE : 301610986 | P43: Komatsu | Q43: 830E-AC | R43: 30418 | S43: =IFERROR($R43/$G43,"") | T43: 29139.24 | U43: 3046.51 | V43: 293122.97 | W43: =IF(ISNUMBER($T43),$T43*$J43*Assumptions!$B$4,"NA") | X43: =IF(ISNUMBER($U43),$U43*$J43*Assumptions!$B$4,"NA") | Y43: =IF(ISNUMBER($V43),$V43*$J43*Assumptions!$B$4,"NA")
A44: Austin Engineering | B44: Dump bodies/truck trays | C44: Hamersley Iron Pty Limited | D44: Owner | E44: Australia | F44: 2025 | G44: 6 | H44: 185671.63 | I44: AUD | J44: =IF($I44="AUD",Assumptions!$B$2,Assumptions!$B$3) | K44: =$G44*$H44*$J44 | L44: =$K44*Assumptions!$B$4 | M44: =RawTx[[#This Row],[Value USD]]/RawTx[[#This Row],[Quantity]] | N44: =RawTx[[#This Row],[Value IDR]]/RawTx[[#This Row],[Quantity]] | O44: BROCKMAN 4-830E-5 HPT STD C/W ACCESSORIES, PO REFERENCE : 3016405295, 3 | P44: Komatsu | Q44: 830E-5 | R44: 170550 | S44: =IFERROR($R44/$G44,"") | T44: 34421.88 | U44: 3598.81 | V44: 1721093.8 | W44: =IF(ISNUMBER($T44),$T44*$J44*Assumptions!$B$4,"NA") | X44: =IF(ISNUMBER($U44),$U44*$J44*Assumptions!$B$4,"NA") | Y44: =IF(ISNUMBER($V44),$V44*$J44*Assumptions!$B$4,"NA")
A45: Austin Engineering | B45: Dump bodies/truck trays | C45: Hamersley Iron Pty Limited | D45: Owner | E45: Australia | F45: 2025 | G45: 4 | H45: 188392.01 | I45: AUD | J45: =IF($I45="AUD",Assumptions!$B$2,Assumptions!$B$3) | K45: =$G45*$H45*$J45 | L45: =$K45*Assumptions!$B$4 | M45: =RawTx[[#This Row],[Value USD]]/RawTx[[#This Row],[Quantity]] | N45: =RawTx[[#This Row],[Value IDR]]/RawTx[[#This Row],[Quantity]] | O45: HOPE DOWNS 4-830E-AC HPT STD C/W ACCESSORIESPO REFERENCE : 3016401813 | P45: Komatsu | Q45: 830E-AC | R45: 111016 | S45: =IFERROR($R45/$G45,"") | T45: 34672.84 | U45: 3625.05 | V45: 1147395.9 | W45: =IF(ISNUMBER($T45),$T45*$J45*Assumptions!$B$4,"NA") | X45: =IF(ISNUMBER($U45),$U45*$J45*Assumptions!$B$4,"NA") | Y45: =IF(ISNUMBER($V45),$V45*$J45*Assumptions!$B$4,"NA")
A46: Austin Engineering | B46: Dump bodies/truck trays | C46: Austin Engineering Limited | D46: Parent/Affiliate | E46: Australia | F46: 2025 | G46: 7 | H46: 187725.46 | I46: AUD | J46: =IF($I46="AUD",Assumptions!$B$2,Assumptions!$B$3) | K46: =$G46*$H46*$J46 | L46: =$K46*Assumptions!$B$4 | M46: =RawTx[[#This Row],[Value USD]]/RawTx[[#This Row],[Quantity]] | N46: =RawTx[[#This Row],[Value IDR]]/RawTx[[#This Row],[Quantity]] | O46: BROCKMAN 4-830E-5 HPT STD C/W ACCESSORIESPO REFERENCE : 3016074943,30 | P46: Komatsu | Q46: 830E-5 | R46: 198975 | S46: =IFERROR($R46/$G46,"") | T46: 40158.86 | U46: 4198.61 | V46: 2007942.8 | W46: =IF(ISNUMBER($T46),$T46*$J46*Assumptions!$B$4,"NA") | X46: =IF(ISNUMBER($U46),$U46*$J46*Assumptions!$B$4,"NA") | Y46: =IF(ISNUMBER($V46),$V46*$J46*Assumptions!$B$4,"NA")
A47: Austin Engineering | B47: Dump bodies/truck trays | C47: Austin Engineering Limited | D47: Parent/Affiliate | E47: Australia | F47: 2025 | G47: 7 | H47: 206783.72 | I47: AUD | J47: =IF($I47="AUD",Assumptions!$B$2,Assumptions!$B$3) | K47: =$G47*$H47*$J47 | L47: =$K47*Assumptions!$B$4 | M47: =RawTx[[#This Row],[Value USD]]/RawTx[[#This Row],[Quantity]] | N47: =RawTx[[#This Row],[Value IDR]]/RawTx[[#This Row],[Quantity]] | O47: YANDICOOGINA-930E-5 HPT STD (177645A) C/W ACCESSORIES PO REFERENCE : 30 | P47: Komatsu | Q47: 930E-5 | R47: 231371 | S47: =IFERROR($R47/$G47,"") | T47: 50925.74 | U47: 5324.29 | V47: 2224403.8 | W47: =IF(ISNUMBER($T47),$T47*$J47*Assumptions!$B$4,"NA") | X47: =IF(ISNUMBER($U47),$U47*$J47*Assumptions!$B$4,"NA") | Y47: =IF(ISNUMBER($V47),$V47*$J47*Assumptions!$B$4,"NA")
A48: Austin Engineering | B48: Dump bodies/truck trays | C48: Austin Engineering Limited | D48: Parent/Affiliate | E48: Australia | F48: 2025 | G48: 1 | H48: 209459 | I48: AUD | J48: =IF($I48="AUD",Assumptions!$B$2,Assumptions!$B$3) | K48: =$G48*$H48*$J48 | L48: =$K48*Assumptions!$B$4 | M48: =RawTx[[#This Row],[Value USD]]/RawTx[[#This Row],[Quantity]] | N48: =RawTx[[#This Row],[Value IDR]]/RawTx[[#This Row],[Quantity]] | O48: WEST ANGELAS-930E-5 HPT STD (177645A) C/W ACCESSORIES PO REFERANCE : 3O | P48: Komatsu | Q48: 930E-5 | R48: 33053 | S48: =IFERROR($R48/$G48,"") | T48: 50925.74 | U48: 5324.29 | V48: 321883.17 | W48: =IF(ISNUMBER($T48),$T48*$J48*Assumptions!$B$4,"NA") | X48: =IF(ISNUMBER($U48),$U48*$J48*Assumptions!$B$4,"NA") | Y48: =IF(ISNUMBER($V48),$V48*$J48*Assumptions!$B$4,"NA")
A49: Austin Engineering | B49: Dump bodies/truck trays | C49: Austin Engineering Limited | D49: Parent/Affiliate | E49: Australia | F49: 2025 | G49: 4 | H49: 209600.59 | I49: AUD | J49: =IF($I49="AUD",Assumptions!$B$2,Assumptions!$B$3) | K49: =$G49*$H49*$J49 | L49: =$K49*Assumptions!$B$4 | M49: =RawTx[[#This Row],[Value USD]]/RawTx[[#This Row],[Quantity]] | N49: =RawTx[[#This Row],[Value IDR]]/RawTx[[#This Row],[Quantity]] | O49: YANDICOOGINA-930E-5 HPT STD (177645A) C/W ACCESSORIES PO REFERENCE : 30 | P49: Komatsu | Q49: 930E-5 | R49: 132212 | S49: =IFERROR($R49/$G49,"") | T49: 37475.57 | U49: 3918.07 | V49: 1287532.7 | W49: =IF(ISNUMBER($T49),$T49*$J49*Assumptions!$B$4,"NA") | X49: =IF(ISNUMBER($U49),$U49*$J49*Assumptions!$B$4,"NA") | Y49: =IF(ISNUMBER($V49),$V49*$J49*Assumptions!$B$4,"NA")
A50: Austin Engineering | B50: Dump bodies/truck trays | C50: Austin Engineering Limited | D50: Parent/Affiliate | E50: Australia | F50: 2025 | G50: 2 | H50: 190872.82 | I50: AUD | J50: =IF($I50="AUD",Assumptions!$B$2,Assumptions!$B$3) | K50: =$G50*$H50*$J50 | L50: =$K50*Assumptions!$B$4 | M50: =RawTx[[#This Row],[Value USD]]/RawTx[[#This Row],[Quantity]] | N50: =RawTx[[#This Row],[Value IDR]]/RawTx[[#This Row],[Quantity]] | O50: TOM PRICE-830E-AC HPT HD (177392B) C/W ACCESSORIES, PO REFERENCE : 3016 | P50: Komatsu | Q50: 830E-AC | R50: 60836 | S50: =IFERROR($R50/$G50,"") | T50: 37475.57 | U50: 3918.07 | V50: 586245.94 | W50: =IF(ISNUMBER($T50),$T50*$J50*Assumptions!$B$4,"NA") | X50: =IF(ISNUMBER($U50),$U50*$J50*Assumptions!$B$4,"NA") | Y50: =IF(ISNUMBER($V50),$V50*$J50*Assumptions!$B$4,"NA")
A51: Austin Engineering | B51: Dump bodies/truck trays | C51: Austin Engineering Limited | D51: Parent/Affiliate | E51: Australia | F51: 2025 | G51: 6 | H51: 190204.64 | I51: AUD | J51: =IF($I51="AUD",Assumptions!$B$2,Assumptions!$B$3) | K51: =$G51*$H51*$J51 | L51: =$K51*Assumptions!$B$4 | M51: =RawTx[[#This Row],[Value USD]]/RawTx[[#This Row],[Quantity]] | N51: =RawTx[[#This Row],[Value IDR]]/RawTx[[#This Row],[Quantity]] | O51: TOM PRICE-830E-AC HPT HD (177392B) C/W ACCESSORIES, PO REFERENCE : 3016 | P51: Komatsu | Q51: 830E-AC | R51: 182508 | S51: =IFERROR($R51/$G51,"") | T51: 35174.76 | U51: 3677.52 | V51: 1758737.8 | W51: =IF(ISNUMBER($T51),$T51*$J51*Assumptions!$B$4,"NA") | X51: =IF(ISNUMBER($U51),$U51*$J51*Assumptions!$B$4,"NA") | Y51: =IF(ISNUMBER($V51),$V51*$J51*Assumptions!$B$4,"NA")
A52: Austin Engineering | B52: Dump bodies/truck trays | C52: Austin Engineering Limited | D52: Parent/Affiliate | E52: Australia | F52: 2025 | G52: 6 | H52: 188855.79 | I52: AUD | J52: =IF($I52="AUD",Assumptions!$B$2,Assumptions!$B$3) | K52: =$G52*$H52*$J52 | L52: =$K52*Assumptions!$B$4 | M52: =RawTx[[#This Row],[Value USD]]/RawTx[[#This Row],[Quantity]] | N52: =RawTx[[#This Row],[Value IDR]]/RawTx[[#This Row],[Quantity]] | O52: TOM PRICE-830E-AC HPT HD (177392B) C/W ACCESSORIES, PO REFERENCE : 3161 | P52: Komatsu | Q52: 830E-AC | R52: 182508 | S52: =IFERROR($R52/$G52,"") | T52: 35174.76 | U52: 3677.52 | V52: 1758737.8 | W52: =IF(ISNUMBER($T52),$T52*$J52*Assumptions!$B$4,"NA") | X52: =IF(ISNUMBER($U52),$U52*$J52*Assumptions!$B$4,"NA") | Y52: =IF(ISNUMBER($V52),$V52*$J52*Assumptions!$B$4,"NA")
A53: Austin Engineering | B53: Dump bodies/truck trays | C53: Austin Engineering Limited | D53: Parent/Affiliate | E53: Australia | F53: 2025 | G53: 9 | H53: 311738.22 | I53: AUD | J53: =IF($I53="AUD",Assumptions!$B$2,Assumptions!$B$3) | K53: =$G53*$H53*$J53 | L53: =$K53*Assumptions!$B$4 | M53: =RawTx[[#This Row],[Value USD]]/RawTx[[#This Row],[Quantity]] | N53: =RawTx[[#This Row],[Value IDR]]/RawTx[[#This Row],[Quantity]] | O53: KOMATSU 930E-5 ULTB C/W ACCESSORIES PO REFERENCE:4503645051 | P53: Komatsu | Q53: 930E-5 | R53: 366921 | S53: =IFERROR($R53/$G53,"") | T53: 87829.38 | U53: 9182.56 | V53: 4391469 | W53: =IF(ISNUMBER($T53),$T53*$J53*Assumptions!$B$4,"NA") | X53: =IF(ISNUMBER($U53),$U53*$J53*Assumptions!$B$4,"NA") | Y53: =IF(ISNUMBER($V53),$V53*$J53*Assumptions!$B$4,"NA")
... A56: Austin Engineering | B56: Dump bodies/truck trays | C56: Austin Engineering Limited | D56: Parent/Affiliate | E56: Australia | F56: 2025 | G56: 3 | H56: 183153.34 | I56: AUD | J56: =IF($I56="AUD",Assumptions!$B$2,Assumptions!$B$3) | K56: =$G56*$H56*$J56 | L56: =$K56*Assumptions!$B$4 | M56: =RawTx[[#This Row],[Value USD]]/RawTx[[#This Row],[Quantity]] | N56: =RawTx[[#This Row],[Value IDR]]/RawTx[[#This Row],[Quantity]] | O56: 930E HPT MAX STD (176602), WEST ANGELAS C/W ACCESSORIES PO REFERENCE : | P56: Komatsu | Q56: 930E | R56: 104166 | S56: =IFERROR($R56/$G56,"") | T56: 35270.12 | U56: 3687.49 | V56: 881753.04 | W56: =IF(ISNUMBER($T56),$T56*$J56*Assumptions!$B$4,"NA") | X56: =IF(ISNUMBER($U56),$U56*$J56*Assumptions!$B$4,"NA") | Y56: =IF(ISNUMBER($V56),$V56*$J56*Assumptions!$B$4,"NA")
A57: Austin Engineering | B57: Dump bodies/truck trays | C57: Austin Engineering Limited | D57: Parent/Affiliate | E57: Australia | F57: 2025 | G57: 3 | H57: 183153.33 | I57: AUD | J57: =IF($I57="AUD",Assumptions!$B$2,Assumptions!$B$3) | K57: =$G57*$H57*$J57 | L57: =$K57*Assumptions!$B$4 | M57: =RawTx[[#This Row],[Value USD]]/RawTx[[#This Row],[Quantity]] | N57: =RawTx[[#This Row],[Value IDR]]/RawTx[[#This Row],[Quantity]] | O57: 930E-4 HPT MAX STD (176602), YANDI C/W ACCESSORIES PO REFERENCE : 3014 | P57: Komatsu | Q57: 930E-4 | R57: 99159 | S57: =IFERROR($R57/$G57,"") | T57: NA | U57: NA | V57: NA | W57: =IF(ISNUMBER($T57),$T57*$J57*Assumptions!$B$4,"NA") | X57: =IF(ISNUMBER($U57),$U57*$J57*Assumptions!$B$4,"NA") | Y57: =IF(ISNUMBER($V57),$V57*$J57*Assumptions!$B$4,"NA")
A58: Austin Engineering | B58: Dump bodies/truck trays | C58: Austin Engineering Limited | D58: Parent/Affiliate | E58: Australia | F58: 2025 | G58: 6 | H58: 186205.46 | I58: AUD | J58: =IF($I58="AUD",Assumptions!$B$2,Assumptions!$B$3) | K58: =$G58*$H58*$J58 | L58: =$K58*Assumptions!$B$4 | M58: =RawTx[[#This Row],[Value USD]]/RawTx[[#This Row],[Quantity]] | N58: =RawTx[[#This Row],[Value IDR]]/RawTx[[#This Row],[Quantity]] | O58: 930E HPT MAX STD (176602), WEST ANGELAS C/W ACCESSORIES PO REFERENCE : | P58: Komatsu | Q58: 930E | R58: 208332 | S58: =IFERROR($R58/$G58,"") | T58: NA | U58: NA | V58: NA | W58: =IF(ISNUMBER($T58),$T58*$J58*Assumptions!$B$4,"NA") | X58: =IF(ISNUMBER($U58),$U58*$J58*Assumptions!$B$4,"NA") | Y58: =IF(ISNUMBER($V58),$V58*$J58*Assumptions!$B$4,"NA")
A59: Austin Engineering | B59: Dump bodies/truck trays | C59: Austin Engineering Limited | D59: Parent/Affiliate | E59: Australia | F59: 2025 | G59: 6 | H59: 184982.77 | I59: AUD | J59: =IF($I59="AUD",Assumptions!$B$2,Assumptions!$B$3) | K59: =$G59*$H59*$J59 | L59: =$K59*Assumptions!$B$4 | M59: =RawTx[[#This Row],[Value USD]]/RawTx[[#This Row],[Quantity]] | N59: =RawTx[[#This Row],[Value IDR]]/RawTx[[#This Row],[Quantity]] | O59: 930E HPT MAX STD (176602), WEST ANGELAS C/W ACCESSORIES PO REFERENCE : | P59: Komatsu | Q59: 930E | R59: 208332 | S59: =IFERROR($R59/$G59,"") | T59: NA | U59: NA | V59: NA | W59: =IF(ISNUMBER($T59),$T59*$J59*Assumptions!$B$4,"NA") | X59: =IF(ISNUMBER($U59),$U59*$J59*Assumptions!$B$4,"NA") | Y59: =IF(ISNUMBER($V59),$V59*$J59*Assumptions!$B$4,"NA")
A60: Austin Engineering | B60: Dump bodies/truck trays | C60: Austin Engineering Limited | D60: Parent/Affiliate | E60: Australia | F60: 2025 | G60: 3 | H60: 182490.73 | I60: AUD | J60: =IF($I60="AUD",Assumptions!$B$2,Assumptions!$B$3) | K60: =$G60*$H60*$J60 | L60: =$K60*Assumptions!$B$4 | M60: =RawTx[[#This Row],[Value USD]]/RawTx[[#This Row],[Quantity]] | N60: =RawTx[[#This Row],[Value IDR]]/RawTx[[#This Row],[Quantity]] | O60: 830E-AC HPT MAX STD (176603), MESA J C/W ACCESSORIES PO REFERENCE : 301 | P60: Komatsu | Q60: 830E-AC | R60: 91845 | S60: =IFERROR($R60/$G60,"") | T60: NA | U60: NA | V60: NA | W60: =IF(ISNUMBER($T60),$T60*$J60*Assumptions!$B$4,"NA") | X60: =IF(ISNUMBER($U60),$U60*$J60*Assumptions!$B$4,"NA") | Y60: =IF(ISNUMBER($V60),$V60*$J60*Assumptions!$B$4,"NA")
A61: Austin Engineering | B61: Dump bodies/truck trays | C61: Austin Engineering Limited | D61: Parent/Affiliate | E61: Australia | F61: 2025 | G61: 2 | H61: 182490.73 | I61: AUD | J61: =IF($I61="AUD",Assumptions!$B$2,Assumptions!$B$3) | K61: =$G61*$H61*$J61 | L61: =$K61*Assumptions!$B$4 | M61: =RawTx[[#This Row],[Value USD]]/RawTx[[#This Row],[Quantity]] | N61: =RawTx[[#This Row],[Value IDR]]/RawTx[[#This Row],[Quantity]] | O61: 830E-AC HPT MAX STD (176603), MESA A C/W ACCESSORIES PO REFERENCE : 301 | P61: Komatsu | Q61: 830E-AC | R61: 61230 | S61: =IFERROR($R61/$G61,"") | T61: NA | U61: NA | V61: NA | W61: =IF(ISNUMBER($T61),$T61*$J61*Assumptions!$B$4,"NA") | X61: =IF(ISNUMBER($U61),$U61*$J61*Assumptions!$B$4,"NA") | Y61: =IF(ISNUMBER($V61),$V61*$J61*Assumptions!$B$4,"NA")
A62: Austin Engineering | B62: Dump bodies/truck trays | C62: Austin Engineering Limited | D62: Parent/Affiliate | E62: Australia | F62: 2025 | G62: 1 | H62: 186988.05 | I62: AUD | J62: =IF($I62="AUD",Assumptions!$B$2,Assumptions!$B$3) | K62: =$G62*$H62*$J62 | L62: =$K62*Assumptions!$B$4 | M62: =RawTx[[#This Row],[Value USD]]/RawTx[[#This Row],[Quantity]] | N62: =RawTx[[#This Row],[Value IDR]]/RawTx[[#This Row],[Quantity]] | O62: 930E-4 HPT MAX STD (176602), YANDI C/W ACCESSORIES PO REFERENCE : 3014 | P62: Komatsu | Q62: 930E-4 | R62: 33053 | S62: =IFERROR($R62/$G62,"") | T62: NA | U62: NA | V62: NA | W62: =IF(ISNUMBER($T62),$T62*$J62*Assumptions!$B$4,"NA") | X62: =IF(ISNUMBER($U62),$U62*$J62*Assumptions!$B$4,"NA") | Y62: =IF(ISNUMBER($V62),$V62*$J62*Assumptions!$B$4,"NA")
A63: Austin Engineering | B63: Dump bodies/truck trays | C63: Austin Engineering Limited | D63: Parent/Affiliate | E63: Australia | F63: 2025 | G63: 6 | H63: 185186.29 | I63: AUD | J63: =IF($I63="AUD",Assumptions!$B$2,Assumptions!$B$3) | K63: =$G63*$H63*$J63 | L63: =$K63*Assumptions!$B$4 | M63: =RawTx[[#This Row],[Value USD]]/RawTx[[#This Row],[Quantity]] | N63: =RawTx[[#This Row],[Value IDR]]/RawTx[[#This Row],[Quantity]] | O63: 793F HPT MAX STD, MARANDOO C/W ACCESSORIES PO REFERENCE : 3014850237, | P63: Caterpillar | Q63: 793F | R63: 167340 | S63: =IFERROR($R63/$G63,"") | T63: NA | U63: NA | V63: NA | W63: =IF(ISNUMBER($T63),$T63*$J63*Assumptions!$B$4,"NA") | X63: =IF(ISNUMBER($U63),$U63*$J63*Assumptions!$B$4,"NA") | Y63: =IF(ISNUMBER($V63),$V63*$J63*Assumptions!$B$4,"NA")
A64: Austin Engineering | B64: Dump bodies/truck trays | C64: Lihir Gold Limited | D64: Owner | E64: Papua New Guinea | F64: 2025 | G64: 4 | H64: 177193.12 | I64: AUD | J64: =IF($I64="AUD",Assumptions!$B$2,Assumptions!$B$3) | K64: =$G64*$H64*$J64 | L64: =$K64*Assumptions!$B$4 | M64: =RawTx[[#This Row],[Value USD]]/RawTx[[#This Row],[Quantity]] | N64: =RawTx[[#This Row],[Value IDR]]/RawTx[[#This Row],[Quantity]] | O64: HPT CAT 785D HAUL TRUCK TRAY C/W ACCESSORIESPO REFERENCE : 4501746235 | P64: Caterpillar | Q64: 785D | R64: 89396 | S64: =IFERROR($R64/$G64,"") | T64: 0 | U64: 0 | V64: 1073800 | W64: =IF(ISNUMBER($T64),$T64*$J64*Assumptions!$B$4,"NA") | X64: =IF(ISNUMBER($U64),$U64*$J64*Assumptions!$B$4,"NA") | Y64: =IF(ISNUMBER($V64),$V64*$J64*Assumptions!$B$4,"NA")
A65: Austin Engineering | B65: Dump bodies/truck trays | C65: Lihir Gold Limited | D65: Owner | E65: Papua New Guinea | F65: 2025 | G65: 1 | H65: 201282.01 | I65: AUD | J65: =IF($I65="AUD",Assumptions!$B$2,Assumptions!$B$3) | K65: =$G65*$H65*$J65 | L65: =$K65*Assumptions!$B$4 | M65: =RawTx[[#This Row],[Value USD]]/RawTx[[#This Row],[Quantity]] | N65: =RawTx[[#This Row],[Value IDR]]/RawTx[[#This Row],[Quantity]] | O65: FAULTY CHASSIS CAT 785D TRUCK PO REFERENCE : 4501708976 | P65: Caterpillar | Q65: 785D | R65: 15800 | S65: =IFERROR($R65/$G65,"") | T65: 0 | U65: 0 | V65: 304945 | W65: =IF(ISNUMBER($T65),$T65*$J65*Assumptions!$B$4,"NA") | X65: =IF(ISNUMBER($U65),$U65*$J65*Assumptions!$B$4,"NA") | Y65: =IF(ISNUMBER($V65),$V65*$J65*Assumptions!$B$4,"NA")
A66: Austin Engineering | B66: Dump bodies/truck trays | C66: Lihir Gold Limited | D66: Owner | E66: Papua New Guinea | F66: 2025 | G66: 1 | H66: 201282.01 | I66: AUD | J66: =IF($I66="AUD",Assumptions!$B$2,Assumptions!$B$3) | K66: =$G66*$H66*$J66 | L66: =$K66*Assumptions!$B$4 | M66: =RawTx[[#This Row],[Value USD]]/RawTx[[#This Row],[Quantity]] | N66: =RawTx[[#This Row],[Value IDR]]/RawTx[[#This Row],[Quantity]] | O66: FAULTY CHASSIS CAT 785D TRUCK PO REFERENCE : 4501708976 | P66: Caterpillar | Q66: 785D | R66: 15800 | S66: =IFERROR($R66/$G66,"") | T66: NA | U66: NA | V66: NA | W66: =IF(ISNUMBER($T66),$T66*$J66*Assumptions!$B$4,"NA") | X66: =IF(ISNUMBER($U66),$U66*$J66*Assumptions!$B$4,"NA") | Y66: =IF(ISNUMBER($V66),$V66*$J66*Assumptions!$B$4,"NA")
A67: Austin Engineering | B67: Dump bodies/truck trays | C67: Lihir Gold Limited | D67: Owner | E67: Papua New Guinea | F67: 2025 | G67: 4 | H67: 175509.89 | I67: AUD | J67: =IF($I67="AUD",Assumptions!$B$2,Assumptions!$B$3) | K67: =$G67*$H67*$J67 | L67: =$K67*Assumptions!$B$4 | M67: =RawTx[[#This Row],[Value USD]]/RawTx[[#This Row],[Quantity]] | N67: =RawTx[[#This Row],[Value IDR]]/RawTx[[#This Row],[Quantity]] | O67: HPT CAT 785D HAUL TRUCK TRAY C/W ACCESSORIESPO REFERENCE : 4501708956, | P67: Caterpillar | Q67: 785D | R67: 89396 | S67: =IFERROR($R67/$G67,"") | T67: 0 | U67: 0 | V67: 1073800 | W67: =IF(ISNUMBER($T67),$T67*$J67*Assumptions!$B$4,"NA") | X67: =IF(ISNUMBER($U67),$U67*$J67*Assumptions!$B$4,"NA") | Y67: =IF(ISNUMBER($V67),$V67*$J67*Assumptions!$B$4,"NA")
A68: Austin Engineering | B68: Dump bodies/truck trays | C68: Lihir Gold Limited | D68: Owner | E68: Papua New Guinea | F68: 2025 | G68: 4 | H68: 174688.44 | I68: AUD | J68: =IF($I68="AUD",Assumptions!$B$2,Assumptions!$B$3) | K68: =$G68*$H68*$J68 | L68: =$K68*Assumptions!$B$4 | M68: =RawTx[[#This Row],[Value USD]]/RawTx[[#This Row],[Quantity]] | N68: =RawTx[[#This Row],[Value IDR]]/RawTx[[#This Row],[Quantity]] | O68: HPT CAT 785D HAUL TRUCK TRAY C/W ACCESSORIES | P68: Caterpillar | Q68: 785D | R68: 89396 | S68: =IFERROR($R68/$G68,"") | T68: 21476 | U68: 2245.32 | V68: 1073800 | W68: =IF(ISNUMBER($T68),$T68*$J68*Assumptions!$B$4,"NA") | X68: =IF(ISNUMBER($U68),$U68*$J68*Assumptions!$B$4,"NA") | Y68: =IF(ISNUMBER($V68),$V68*$J68*Assumptions!$B$4,"NA")
A69: Austin Engineering | B69: Dump bodies/truck trays | C69: Lihir Gold Limited | D69: Owner | E69: Papua New Guinea | F69: 2025 | G69: 3 | H69: 170128.27 | I69: AUD | J69: =IF($I69="AUD",Assumptions!$B$2,Assumptions!$B$3) | K69: =$G69*$H69*$J69 | L69: =$K69*Assumptions!$B$4 | M69: =RawTx[[#This Row],[Value USD]]/RawTx[[#This Row],[Quantity]] | N69: =RawTx[[#This Row],[Value IDR]]/RawTx[[#This Row],[Quantity]] | O69: HPT CAT 785D HAUL TRUCK TRAY C/W ACCESSORIESPO. REFERENCE :4501659842 | P69: Caterpillar | Q69: 785D | R69: 67047 | S69: =IFERROR($R69/$G69,"") | T69: 0 | U69: 0 | V69: 792168 | W69: =IF(ISNUMBER($T69),$T69*$J69*Assumptions!$B$4,"NA") | X69: =IF(ISNUMBER($U69),$U69*$J69*Assumptions!$B$4,"NA") | Y69: =IF(ISNUMBER($V69),$V69*$J69*Assumptions!$B$4,"NA")
A70: Austin Engineering | B70: Dump bodies/truck trays | C70: Lihir Gold Limited | D70: Owner | E70: Papua New Guinea | F70: 2025 | G70: 1 | H70: 172959.27 | I70: AUD | J70: =IF($I70="AUD",Assumptions!$B$2,Assumptions!$B$3) | K70: =$G70*$H70*$J70 | L70: =$K70*Assumptions!$B$4 | M70: =RawTx[[#This Row],[Value USD]]/RawTx[[#This Row],[Quantity]] | N70: =RawTx[[#This Row],[Value IDR]]/RawTx[[#This Row],[Quantity]] | O70: HPT CAT 785D HAUL TRUCK TRAY C/W ACCESSORIESPO. REFERENCE :4501708956 | P70: Caterpillar | Q70: 785D | R70: 22349 | S70: =IFERROR($R70/$G70,"") | T70: 0 | U70: 0 | V70: 268450 | W70: =IF(ISNUMBER($T70),$T70*$J70*Assumptions!$B$4,"NA") | X70: =IF(ISNUMBER($U70),$U70*$J70*Assumptions!$B$4,"NA") | Y70: =IF(ISNUMBER($V70),$V70*$J70*Assumptions!$B$4,"NA")
A71: Austin Engineering | B71: Dump bodies/truck trays | C71: Lihir Gold Limited | D71: Owner | E71: Papua New Guinea | F71: 2025 | G71: 5 | H71: 216208.04 | I71: AUD | J71: =IF($I71="AUD",Assumptions!$B$2,Assumptions!$B$3) | K71: =$G71*$H71*$J71 | L71: =$K71*Assumptions!$B$4 | M71: =RawTx[[#This Row],[Value USD]]/RawTx[[#This Row],[Quantity]] | N71: =RawTx[[#This Row],[Value IDR]]/RawTx[[#This Row],[Quantity]] | O71: HPT CAT 785D HAUL TRUCK TRAY C/W ACCESSORIES PO REFERENCE: 4501599704 | P71: Caterpillar | Q71: 785D | R71: 111100 | S71: =IFERROR($R71/$G71,"") | T71: 0 | U71: 0 | V71: 1742769.6 | W71: =IF(ISNUMBER($T71),$T71*$J71*Assumptions!$B$4,"NA") | X71: =IF(ISNUMBER($U71),$U71*$J71*Assumptions!$B$4,"NA") | Y71: =IF(ISNUMBER($V71),$V71*$J71*Assumptions!$B$4,"NA")
A72: Austin Engineering | B72: Dump bodies/truck trays | C72: Austin Ingenieros Chile Ltda | D72: Parent/Affiliate | E72: Chile | F72: 2025 | G72: 4 | H72: 89716 | I72: USD | J72: =IF($I72="AUD",Assumptions!$B$2,Assumptions!$B$3) | K72: =$G72*$H72*$J72 | L72: =$K72*Assumptions!$B$4 | M72: =RawTx[[#This Row],[Value USD]]/RawTx[[#This Row],[Quantity]] | N72: =RawTx[[#This Row],[Value IDR]]/RawTx[[#This Row],[Quantity]] | O72: CAT798 MP FLOOR | P72: Caterpillar | Q72: 798 | R72: 119120 | S72: =IFERROR($R72/$G72,"") | T72: NA | U72: NA | V72: NA | W72: =IF(ISNUMBER($T72),$T72*$J72*Assumptions!$B$4,"NA") | X72: =IF(ISNUMBER($U72),$U72*$J72*Assumptions!$B$4,"NA") | Y72: =IF(ISNUMBER($V72),$V72*$J72*Assumptions!$B$4,"NA")
A73: Austin Engineering | B73: Dump bodies/truck trays | C73: Austin Ingenieros Chile Ltda | D73: Parent/Affiliate | E73: Chile | F73: 2025 | G73: 5 | H73: 195191 | I73: USD | J73: =IF($I73="AUD",Assumptions!$B$2,Assumptions!$B$3) | K73: =$G73*$H73*$J73 | L73: =$K73*Assumptions!$B$4 | M73: =RawTx[[#This Row],[Value USD]]/RawTx[[#This Row],[Quantity]] | N73: =RawTx[[#This Row],[Value IDR]]/RawTx[[#This Row],[Quantity]] | O73: CATERPILLAR TRUCK BODY CAT798 MP UNIT#11-#15 C/W ACCESSORIES | P73: Caterpillar | Q73: 798 | R73: 228420 | S73: =IFERROR($R73/$G73,"") | T73: NA | U73: NA | V73: NA | W73: =IF(ISNUMBER($T73),$T73*$J73*Assumptions!$B$4,"NA") | X73: =IF(ISNUMBER($U73),$U73*$J73*Assumptions!$B$4,"NA") | Y73: =IF(ISNUMBER($V73),$V73*$J73*Assumptions!$B$4,"NA")
A74: Austin Engineering | B74: Dump bodies/truck trays | C74: Austin Ingenieros Chile Ltda | D74: Parent/Affiliate | E74: Chile | F74: 2025 | G74: 8 | H74: 195191 | I74: USD | J74: =IF($I74="AUD",Assumptions!$B$2,Assumptions!$B$3) | K74: =$G74*$H74*$J74 | L74: =$K74*Assumptions!$B$4 | M74: =RawTx[[#This Row],[Value USD]]/RawTx[[#This Row],[Quantity]] | N74: =RawTx[[#This Row],[Value IDR]]/RawTx[[#This Row],[Quantity]] | O74: CATERPILLAR TRUCK BODY CAT798 MP UNIT#1-#8 C/W ACCESSORIES | P74: Caterpillar | Q74: 798 | R74: 360000 | S74: =IFERROR($R74/$G74,"") | T74: NA | U74: NA | V74: NA | W74: =IF(ISNUMBER($T74),$T74*$J74*Assumptions!$B$4,"NA") | X74: =IF(ISNUMBER($U74),$U74*$J74*Assumptions!$B$4,"NA") | Y74: =IF(ISNUMBER($V74),$V74*$J74*Assumptions!$B$4,"NA")
A75: Austin Engineering | B75: Dump bodies/truck trays | C75: Austin Ingenieros Chile Ltda | D75: Parent/Affiliate | E75: Chile | F75: 2025 | G75: 2 | H75: 195191 | I75: USD | J75: =IF($I75="AUD",Assumptions!$B$2,Assumptions!$B$3) | K75: =$G75*$H75*$J75 | L75: =$K75*Assumptions!$B$4 | M75: =RawTx[[#This Row],[Value USD]]/RawTx[[#This Row],[Quantity]] | N75: =RawTx[[#This Row],[Value IDR]]/RawTx[[#This Row],[Quantity]] | O75: CATERPILLAR TRUCK BODY CAT798 MP UNIT#9-#10 C/W ACCESSORIES | P75: Caterpillar | Q75: 798 | R75: 90000 | S75: =IFERROR($R75/$G75,"") | T75: NA | U75: NA | V75: NA | W75: =IF(ISNUMBER($T75),$T75*$J75*Assumptions!$B$4,"NA") | X75: =IF(ISNUMBER($U75),$U75*$J75*Assumptions!$B$4,"NA") | Y75: =IF(ISNUMBER($V75),$V75*$J75*Assumptions!$B$4,"NA")
A76: Austin Engineering | B76: Dump bodies/truck trays | C76: Kibali Gold Mines SA KGM | D76: Owner | E76: Congo, Dem. Rep. | F76: 2025 | G76: 6 | H76: 150828.33 | I76: USD | J76: =IF($I76="AUD",Assumptions!$B$2,Assumptions!$B$3) | K76: =$G76*$H76*$J76 | L76: =$K76*Assumptions!$B$4 | M76: =RawTx[[#This Row],[Value USD]]/RawTx[[#This Row],[Quantity]] | N76: =RawTx[[#This Row],[Value IDR]]/RawTx[[#This Row],[Quantity]] | O76: CAT 777E – ULTIMA BODY SG 1.9 C/W ACCESSORIES | P76: Caterpillar | Q76: 777E | R76: 94020 | S76: =IFERROR($R76/$G76,"") | T76: NA | U76: NA | V76: NA | W76: =IF(ISNUMBER($T76),$T76*$J76*Assumptions!$B$4,"NA") | X76: =IF(ISNUMBER($U76),$U76*$J76*Assumptions!$B$4,"NA") | Y76: =IF(ISNUMBER($V76),$V76*$J76*Assumptions!$B$4,"NA")
A77: Austin Engineering | B77: Dump bodies/truck trays | C77: Anglo American | D77: Owner | E77: Australia | F77: 2025 | G77: 15 | H77: 234648.99 | I77: AUD | J77: =IF($I77="AUD",Assumptions!$B$2,Assumptions!$B$3) | K77: =$G77*$H77*$J77 | L77: =$K77*Assumptions!$B$4 | M77: =RawTx[[#This Row],[Value USD]]/RawTx[[#This Row],[Quantity]] | N77: =RawTx[[#This Row],[Value IDR]]/RawTx[[#This Row],[Quantity]] | O77: KOMATSU 830E-1AC HPT MAX STD C/W ACCESSORIES PO REFERENCE : 4503551310 | P77: Komatsu | Q77: 830E-1 | R77: 498810 | S77: =IFERROR($R77/$G77,"") | T77: 114986.4 | U77: 12021.83 | V77: 5749320 | W77: =IF(ISNUMBER($T77),$T77*$J77*Assumptions!$B$4,"NA") | X77: =IF(ISNUMBER($U77),$U77*$J77*Assumptions!$B$4,"NA") | Y77: =IF(ISNUMBER($V77),$V77*$J77*Assumptions!$B$4,"NA")
A78: Austin Engineering | B78: Dump bodies/truck trays | C78: Tata Steel Limited | D78: Owner | E78: India | F78: 2025 | G78: 4 | H78: 100750.5 | I78: USD | J78: =IF($I78="AUD",Assumptions!$B$2,Assumptions!$B$3) | K78: =$G78*$H78*$J78 | L78: =$K78*Assumptions!$B$4 | M78: =RawTx[[#This Row],[Value USD]]/RawTx[[#This Row],[Quantity]] | N78: =RawTx[[#This Row],[Value IDR]]/RawTx[[#This Row],[Quantity]] | O78: TATA STEEL KOMATSU HD785-7 ULTIMA ULTIMA TRUCK BODY C/W ACCESSORIESP0 | P78: Komatsu | Q78: HD785-7 | R78: 55796 | S78: =IFERROR($R78/$G78,"") | T78: 5600 | U78: 0 | V78: 403002 | W78: =IF(ISNUMBER($T78),$T78*$J78*Assumptions!$B$4,"NA") | X78: =IF(ISNUMBER($U78),$U78*$J78*Assumptions!$B$4,"NA") | Y78: =IF(ISNUMBER($V78),$V78*$J78*Assumptions!$B$4,"NA")
A79: Austin Engineering | B79: Dump bodies/truck trays | C79: Tata Steel Limited | D79: Owner | E79: India | F79: 2025 | G79: 4 | H79: 100750.5 | I79: USD | J79: =IF($I79="AUD",Assumptions!$B$2,Assumptions!$B$3) | K79: =$G79*$H79*$J79 | L79: =$K79*Assumptions!$B$4 | M79: =RawTx[[#This Row],[Value USD]]/RawTx[[#This Row],[Quantity]] | N79: =RawTx[[#This Row],[Value IDR]]/RawTx[[#This Row],[Quantity]] | O79: TATA STEEL KOMATSU HD785-7 ULTIMA ULTIMA TRUCK BODY C/W ACCESSORIESP0 | P79: Komatsu | Q79: HD785-7 | R79: 55796 | S79: =IFERROR($R79/$G79,"") | T79: 5600 | U79: 0 | V79: 403002 | W79: =IF(ISNUMBER($T79),$T79*$J79*Assumptions!$B$4,"NA") | X79: =IF(ISNUMBER($U79),$U79*$J79*Assumptions!$B$4,"NA") | Y79: =IF(ISNUMBER($V79),$V79*$J79*Assumptions!$B$4,"NA")
A80: Austin Engineering | B80: Dump bodies/truck trays | C80: Tata Steel Limited | D80: Owner | E80: India | F80: 2025 | G80: 4 | H80: 100750.5 | I80: USD | J80: =IF($I80="AUD",Assumptions!$B$2,Assumptions!$B$3) | K80: =$G80*$H80*$J80 | L80: =$K80*Assumptions!$B$4 | M80: =RawTx[[#This Row],[Value USD]]/RawTx[[#This Row],[Quantity]] | N80: =RawTx[[#This Row],[Value IDR]]/RawTx[[#This Row],[Quantity]] | O80: TATA STEEL KOMATSU HD785-7 ULTIMA ULTIMA TRUCK BODY C/W ACCESSORIESP0 | P80: Komatsu | Q80: HD785-7 | R80: 55796 | S80: =IFERROR($R80/$G80,"") | T80: 5600 | U80: 0 | V80: 403002 | W80: =IF(ISNUMBER($T80),$T80*$J80*Assumptions!$B$4,"NA") | X80: =IF(ISNUMBER($U80),$U80*$J80*Assumptions!$B$4,"NA") | Y80: =IF(ISNUMBER($V80),$V80*$J80*Assumptions!$B$4,"NA")
A81: Austin Engineering | B81: Dump bodies/truck trays | C81: Tata Steel Limited | D81: Owner | E81: India | F81: 2025 | G81: 1 | H81: 100750.5 | I81: USD | J81: =IF($I81="AUD",Assumptions!$B$2,Assumptions!$B$3) | K81: =$G81*$H81*$J81 | L81: =$K81*Assumptions!$B$4 | M81: =RawTx[[#This Row],[Value USD]]/RawTx[[#This Row],[Quantity]] | N81: =RawTx[[#This Row],[Value IDR]]/RawTx[[#This Row],[Quantity]] | O81: TATA STEEL KOMATSU HD785-7 ULTIMA ULTIMA TRUCK BODY C/W ACCESSORIESP0 | P81: Komatsu | Q81: HD785-7 | R81: 13949 | S81: =IFERROR($R81/$G81,"") | T81: 1400 | U81: 0 | V81: 100750.5 | W81: =IF(ISNUMBER($T81),$T81*$J81*Assumptions!$B$4,"NA") | X81: =IF(ISNUMBER($U81),$U81*$J81*Assumptions!$B$4,"NA") | Y81: =IF(ISNUMBER($V81),$V81*$J81*Assumptions!$B$4,"NA")
A82: Austin Engineering | B82: Dump bodies/truck trays | C82: Tata Steel Limited | D82: Owner | E82: India | F82: 2025 | G82: 4 | H82: 100750.5 | I82: USD | J82: =IF($I82="AUD",Assumptions!$B$2,Assumptions!$B$3) | K82: =$G82*$H82*$J82 | L82: =$K82*Assumptions!$B$4 | M82: =RawTx[[#This Row],[Value USD]]/RawTx[[#This Row],[Quantity]] | N82: =RawTx[[#This Row],[Value IDR]]/RawTx[[#This Row],[Quantity]] | O82: TATA STEEL KOMATSU HD785-7 ULTIMA ULTIMA TRUCK BODY C/W ACCESSORIESP0 | P82: Komatsu | Q82: HD785-7 | R82: 55796 | S82: =IFERROR($R82/$G82,"") | T82: 5600 | U82: 0 | V82: 403002 | W82: =IF(ISNUMBER($T82),$T82*$J82*Assumptions!$B$4,"NA") | X82: =IF(ISNUMBER($U82),$U82*$J82*Assumptions!$B$4,"NA") | Y82: =IF(ISNUMBER($V82),$V82*$J82*Assumptions!$B$4,"NA")
A83: Austin Engineering | B83: Dump bodies/truck trays | C83: Tuprag Metal Madencilik | D83: Owner | E83: Turkey | F83: 2025 | G83: 4 | H83: 310283.35 | I83: USD | J83: =IF($I83="AUD",Assumptions!$B$2,Assumptions!$B$3) | K83: =$G83*$H83*$J83 | L83: =$K83*Assumptions!$B$4 | M83: =RawTx[[#This Row],[Value USD]]/RawTx[[#This Row],[Quantity]] | N83: =RawTx[[#This Row],[Value IDR]]/RawTx[[#This Row],[Quantity]] | O83: CAT 785C AUSTIN LIGHTER TRUCK DUMP BODY C/W ACCESSORIES – 4 UNIT | P83: Caterpillar | Q83: 785C | R83: 101748 | S83: =IFERROR($R83/$G83,"") | T83: 0 | U83: 0 | V83: 1241133.4 | W83: =IF(ISNUMBER($T83),$T83*$J83*Assumptions!$B$4,"NA") | X83: =IF(ISNUMBER($U83),$U83*$J83*Assumptions!$B$4,"NA") | Y83: =IF(ISNUMBER($V83),$V83*$J83*Assumptions!$B$4,"NA")
A84: Austin Engineering | B84: Dump bodies/truck trays | C84: Blackwater Operations Pty Limited | D84: Owner | E84: Australia | F84: 2025 | G84: 5 | H84: 326764.34 | I84: AUD | J84: =IF($I84="AUD",Assumptions!$B$2,Assumptions!$B$3) | K84: =$G84*$H84*$J84 | L84: =$K84*Assumptions!$B$4 | M84: =RawTx[[#This Row],[Value USD]]/RawTx[[#This Row],[Quantity]] | N84: =RawTx[[#This Row],[Value IDR]]/RawTx[[#This Row],[Quantity]] | O84: KOMATSU 830E-5 ULTIMA BODY C/W ACCESSORIES | P84: Komatsu | Q84: 830E-5 | R84: 196710 | S84: =IFERROR($R84/$G84,"") | T84: NA | U84: NA | V84: NA | W84: =IF(ISNUMBER($T84),$T84*$J84*Assumptions!$B$4,"NA") | X84: =IF(ISNUMBER($U84),$U84*$J84*Assumptions!$B$4,"NA") | Y84: =IF(ISNUMBER($V84),$V84*$J84*Assumptions!$B$4,"NA")
A85: Austin Engineering | B85: Dump bodies/truck trays | C85: Gounkoto SA | D85: Owner | E85: Mali | F85: 2025 | G85: 13 | H85: 127800 | I85: USD | J85: =IF($I85="AUD",Assumptions!$B$2,Assumptions!$B$3) | K85: =$G85*$H85*$J85 | L85: =$K85*Assumptions!$B$4 | M85: =RawTx[[#This Row],[Value USD]]/RawTx[[#This Row],[Quantity]] | N85: =RawTx[[#This Row],[Value IDR]]/RawTx[[#This Row],[Quantity]] | O85: AUSTIN ULTIMA TRUCK BODY FOR 777 E OR D INCLUDING: CENTRE IMPACT PLATE... | P85: Caterpillar | Q85: 777E | R85: 218000 | S85: =IFERROR($R85/$G85,"") | T85: 67515.77 | U85: 3729.33 | V85: 1661400 | W85: =IF(ISNUMBER($T85),$T85*$J85*Assumptions!$B$4,"NA") | X85: =IF(ISNUMBER($U85),$U85*$J85*Assumptions!$B$4,"NA") | Y85: =IF(ISNUMBER($V85),$V85*$J85*Assumptions!$B$4,"NA")
A86: Austin Engineering | B86: Dump bodies/truck trays | C86: Austin Engineering Limited | D86: Parent/Affiliate | E86: Australia | F86: 2024 | G86: 6 | H86: 192174.48 | I86: AUD | J86: =IF($I86="AUD",Assumptions!$B$2,Assumptions!$B$3) | K86: =$G86*$H86*$J86 | L86: =$K86*Assumptions!$B$4 | M86: =RawTx[[#This Row],[Value USD]]/RawTx[[#This Row],[Quantity]] | N86: =RawTx[[#This Row],[Value IDR]]/RawTx[[#This Row],[Quantity]] | O86: 830 E HPT MAX STD C/W ACCESSORIES PO REFERENCE : 3014834771, 3014834777, | P86: Komatsu | Q86: 830E | R86: 163164 | S86: =IFERROR($R86/$G86,"") | T86: NA | U86: NA | V86: NA | W86: =IF(ISNUMBER($T86),$T86*$J86*Assumptions!$B$4,"NA") | X86: =IF(ISNUMBER($U86),$U86*$J86*Assumptions!$B$4,"NA") | Y86: =IF(ISNUMBER($V86),$V86*$J86*Assumptions!$B$4,"NA")
A87: Austin Engineering | B87: Dump bodies/truck trays | C87: Austin Engineering Limited | D87: Parent/Affiliate | E87: Australia | F87: 2024 | G87: 6 | H87: 193381.75 | I87: AUD | J87: =IF($I87="AUD",Assumptions!$B$2,Assumptions!$B$3) | K87: =$G87*$H87*$J87 | L87: =$K87*Assumptions!$B$4 | M87: =RawTx[[#This Row],[Value USD]]/RawTx[[#This Row],[Quantity]] | N87: =RawTx[[#This Row],[Value IDR]]/RawTx[[#This Row],[Quantity]] | O87: 830 E HPT MAX STD C/W ACCESSORIES PO REFERENCE : 3014834705, 3014834754, | P87: Komatsu | Q87: 830E | R87: 163164 | S87: =IFERROR($R87/$G87,"") | T87: NA | U87: NA | V87: NA | W87: =IF(ISNUMBER($T87),$T87*$J87*Assumptions!$B$4,"NA") | X87: =IF(ISNUMBER($U87),$U87*$J87*Assumptions!$B$4,"NA") | Y87: =IF(ISNUMBER($V87),$V87*$J87*Assumptions!$B$4,"NA")
A88: Austin Engineering | B88: Dump bodies/truck trays | C88: Austin Engineering Limited | D88: Parent/Affiliate | E88: Australia | F88: 2024 | G88: 5 | H88: 196867.32 | I88: AUD | J88: =IF($I88="AUD",Assumptions!$B$2,Assumptions!$B$3) | K88: =$G88*$H88*$J88 | L88: =$K88*Assumptions!$B$4 | M88: =RawTx[[#This Row],[Value USD]]/RawTx[[#This Row],[Quantity]] | N88: =RawTx[[#This Row],[Value IDR]]/RawTx[[#This Row],[Quantity]] | O88: 830 E HPT MAX STD C/W ACCESSORIES PO REFERENCE : 3014833871,3014834016,3 | P88: Komatsu | Q88: 830E | R88: 142630 | S88: =IFERROR($R88/$G88,"") | T88: NA | U88: NA | V88: NA | W88: =IF(ISNUMBER($T88),$T88*$J88*Assumptions!$B$4,"NA") | X88: =IF(ISNUMBER($U88),$U88*$J88*Assumptions!$B$4,"NA") | Y88: =IF(ISNUMBER($V88),$V88*$J88*Assumptions!$B$4,"NA")
A89: Austin Engineering | B89: Dump bodies/truck trays | C89: Austin Engineering Limited | D89: Parent/Affiliate | E89: Australia | F89: 2024 | G89: 4 | H89: 194440 | I89: AUD | J89: =IF($I89="AUD",Assumptions!$B$2,Assumptions!$B$3) | K89: =$G89*$H89*$J89 | L89: =$K89*Assumptions!$B$4 | M89: =RawTx[[#This Row],[Value USD]]/RawTx[[#This Row],[Quantity]] | N89: =RawTx[[#This Row],[Value IDR]]/RawTx[[#This Row],[Quantity]] | O89: 830 E HPT MAX STD C/W ACCESSORIES PO REFERENCE : 3014833830,3014833803, | P89: Komatsu | Q89: 830E | R89: 114104 | S89: =IFERROR($R89/$G89,"") | T89: NA | U89: NA | V89: NA | W89: =IF(ISNUMBER($T89),$T89*$J89*Assumptions!$B$4,"NA") | X89: =IF(ISNUMBER($U89),$U89*$J89*Assumptions!$B$4,"NA") | Y89: =IF(ISNUMBER($V89),$V89*$J89*Assumptions!$B$4,"NA")
A90: Austin Engineering | B90: Dump bodies/truck trays | C90: Austin Engineering Limited | D90: Parent/Affiliate | E90: Australia | F90: 2024 | G90: 1 | H90: 205587 | I90: AUD | J90: =IF($I90="AUD",Assumptions!$B$2,Assumptions!$B$3) | K90: =$G90*$H90*$J90 | L90: =$K90*Assumptions!$B$4 | M90: =RawTx[[#This Row],[Value USD]]/RawTx[[#This Row],[Quantity]] | N90: =RawTx[[#This Row],[Value IDR]]/RawTx[[#This Row],[Quantity]] | O90: 930 E HPT MAX STD C/W ACCESSORIES PO REFERENCE : 3014833800 | P90: Komatsu | Q90: 930E | R90: 28526 | S90: =IFERROR($R90/$G90,"") | T90: NA | U90: NA | V90: NA | W90: =IF(ISNUMBER($T90),$T90*$J90*Assumptions!$B$4,"NA") | X90: =IF(ISNUMBER($U90),$U90*$J90*Assumptions!$B$4,"NA") | Y90: =IF(ISNUMBER($V90),$V90*$J90*Assumptions!$B$4,"NA")
A91: Austin Engineering | B91: Dump bodies/truck trays | C91: Austin Engineering Limited | D91: Parent/Affiliate | E91: Australia | F91: 2024 | G91: 5 | H91: 196411 | I91: AUD | J91: =IF($I91="AUD",Assumptions!$B$2,Assumptions!$B$3) | K91: =$G91*$H91*$J91 | L91: =$K91*Assumptions!$B$4 | M91: =RawTx[[#This Row],[Value USD]]/RawTx[[#This Row],[Quantity]] | N91: =RawTx[[#This Row],[Value IDR]]/RawTx[[#This Row],[Quantity]] | O91: 930 E HPT MAX STD C/W ACCESSORIESPO REFERENCE : 3014834175, 3014834183,3 | P91: Komatsu | Q91: 930E | R91: 157030 | S91: =IFERROR($R91/$G91,"") | T91: NA | U91: NA | V91: NA | W91: =IF(ISNUMBER($T91),$T91*$J91*Assumptions!$B$4,"NA") | X91: =IF(ISNUMBER($U91),$U91*$J91*Assumptions!$B$4,"NA") | Y91: =IF(ISNUMBER($V91),$V91*$J91*Assumptions!$B$4,"NA")
A92: Austin Engineering | B92: Dump bodies/truck trays | C92: Austin Engineering Limited | D92: Parent/Affiliate | E92: Australia | F92: 2024 | G92: 1 | H92: 194434 | I92: AUD | J92: =IF($I92="AUD",Assumptions!$B$2,Assumptions!$B$3) | K92: =$G92*$H92*$J92 | L92: =$K92*Assumptions!$B$4 | M92: =RawTx[[#This Row],[Value USD]]/RawTx[[#This Row],[Quantity]] | N92: =RawTx[[#This Row],[Value IDR]]/RawTx[[#This Row],[Quantity]] | O92: 830E-5 HPT MAX STD C/W ACCESSORIES PO REFERENCE : 3015016749 | P92: Komatsu | Q92: 830E-5 | R92: 28143 | S92: =IFERROR($R92/$G92,"") | T92: NA | U92: NA | V92: NA | W92: =IF(ISNUMBER($T92),$T92*$J92*Assumptions!$B$4,"NA") | X92: =IF(ISNUMBER($U92),$U92*$J92*Assumptions!$B$4,"NA") | Y92: =IF(ISNUMBER($V92),$V92*$J92*Assumptions!$B$4,"NA")
A93: Austin Engineering | B93: Dump bodies/truck trays | C93: Austin Engineering Limited | D93: Parent/Affiliate | E93: Australia | F93: 2024 | G93: 4 | H93: 191687 | I93: AUD | J93: =IF($I93="AUD",Assumptions!$B$2,Assumptions!$B$3) | K93: =$G93*$H93*$J93 | L93: =$K93*Assumptions!$B$4 | M93: =RawTx[[#This Row],[Value USD]]/RawTx[[#This Row],[Quantity]] | N93: =RawTx[[#This Row],[Value IDR]]/RawTx[[#This Row],[Quantity]] | O93: 830E-5 HPT MAX STD C/W ACCESSORIES PO REFERENCE : 3014963176, 3014963200 | P93: Komatsu | Q93: 830E-5 | R93: 112572 | S93: =IFERROR($R93/$G93,"") | T93: 29198.6 | U93: 3008.48 | V93: 1147390 | W93: =IF(ISNUMBER($T93),$T93*$J93*Assumptions!$B$4,"NA") | X93: =IF(ISNUMBER($U93),$U93*$J93*Assumptions!$B$4,"NA") | Y93: =IF(ISNUMBER($V93),$V93*$J93*Assumptions!$B$4,"NA")
A94: Austin Engineering | B94: Dump bodies/truck trays | C94: Austin Engineering Limited | D94: Parent/Affiliate | E94: Australia | F94: 2024 | G94: 1 | H94: 192986 | I94: AUD | J94: =IF($I94="AUD",Assumptions!$B$2,Assumptions!$B$3) | K94: =$G94*$H94*$J94 | L94: =$K94*Assumptions!$B$4 | M94: =RawTx[[#This Row],[Value USD]]/RawTx[[#This Row],[Quantity]] | N94: =RawTx[[#This Row],[Value IDR]]/RawTx[[#This Row],[Quantity]] | O94: 930 HPT MAX STD C/W ACCESSORIES PO REFERENCE : 3014834160, 3014963225 | P94: Komatsu | Q94: 930 | R94: 28143 | S94: =IFERROR($R94/$G94,"") | T94: NA | U94: NA | V94: NA | W94: =IF(ISNUMBER($T94),$T94*$J94*Assumptions!$B$4,"NA") | X94: =IF(ISNUMBER($U94),$U94*$J94*Assumptions!$B$4,"NA") | Y94: =IF(ISNUMBER($V94),$V94*$J94*Assumptions!$B$4,"NA")
A95: Austin Engineering | B95: Dump bodies/truck trays | C95: Austin Engineering Limited | D95: Parent/Affiliate | E95: Australia | F95: 2024 | G95: 2 | H95: 197742 | I95: AUD | J95: =IF($I95="AUD",Assumptions!$B$2,Assumptions!$B$3) | K95: =$G95*$H95*$J95 | L95: =$K95*Assumptions!$B$4 | M95: =RawTx[[#This Row],[Value USD]]/RawTx[[#This Row],[Quantity]] | N95: =RawTx[[#This Row],[Value IDR]]/RawTx[[#This Row],[Quantity]] | O95: 930 HPT MAX STD C/W ACCESSORIES PO REFERENCE : 3014834160, 3014834161 | P95: Komatsu | Q95: 930 | R95: 62812 | S95: =IFERROR($R95/$G95,"") | T95: NA | U95: NA | V95: NA | W95: =IF(ISNUMBER($T95),$T95*$J95*Assumptions!$B$4,"NA") | X95: =IF(ISNUMBER($U95),$U95*$J95*Assumptions!$B$4,"NA") | Y95: =IF(ISNUMBER($V95),$V95*$J95*Assumptions!$B$4,"NA")
A96: Austin Engineering | B96: Dump bodies/truck trays | C96: Austin Engineering Limited | D96: Parent/Affiliate | E96: Australia | F96: 2024 | G96: 3 | H96: 195752 | I96: AUD | J96: =IF($I96="AUD",Assumptions!$B$2,Assumptions!$B$3) | K96: =$G96*$H96*$J96 | L96: =$K96*Assumptions!$B$4 | M96: =RawTx[[#This Row],[Value USD]]/RawTx[[#This Row],[Quantity]] | N96: =RawTx[[#This Row],[Value IDR]]/RawTx[[#This Row],[Quantity]] | O96: 830E-5 HPT MAX STD C/W ACCESSORIES PO REFERENCE : 3015034408, 30150383 | P96: Komatsu | Q96: 830E-5 | R96: 84429 | S96: =IFERROR($R96/$G96,"") | T96: NA | U96: NA | V96: NA | W96: =IF(ISNUMBER($T96),$T96*$J96*Assumptions!$B$4,"NA") | X96: =IF(ISNUMBER($U96),$U96*$J96*Assumptions!$B$4,"NA") | Y96: =IF(ISNUMBER($V96),$V96*$J96*Assumptions!$B$4,"NA")
A97: Austin Engineering | B97: Dump bodies/truck trays | C97: Austin Engineering Limited | D97: Parent/Affiliate | E97: Australia | F97: 2024 | G97: 4 | H97: 190839.38 | I97: AUD | J97: =IF($I97="AUD",Assumptions!$B$2,Assumptions!$B$3) | K97: =$G97*$H97*$J97 | L97: =$K97*Assumptions!$B$4 | M97: =RawTx[[#This Row],[Value USD]]/RawTx[[#This Row],[Quantity]] | N97: =RawTx[[#This Row],[Value IDR]]/RawTx[[#This Row],[Quantity]] | O97: 830E-5 HPT MAX STD C/W ACCESSORIES PO REFERENCE : 3015016729, 30149631 | P97: Komatsu | Q97: 830E-5 | R97: 112572 | S97: =IFERROR($R97/$G97,"") | T97: NA | U97: NA | V97: NA | W97: =IF(ISNUMBER($T97),$T97*$J97*Assumptions!$B$4,"NA") | X97: =IF(ISNUMBER($U97),$U97*$J97*Assumptions!$B$4,"NA") | Y97: =IF(ISNUMBER($V97),$V97*$J97*Assumptions!$B$4,"NA")
A98: Austin Engineering | B98: Dump bodies/truck trays | C98: Austin Engineering Limited | D98: Parent/Affiliate | E98: Australia | F98: 2024 | G98: 1 | H98: 193575.42 | I98: AUD | J98: =IF($I98="AUD",Assumptions!$B$2,Assumptions!$B$3) | K98: =$G98*$H98*$J98 | L98: =$K98*Assumptions!$B$4 | M98: =RawTx[[#This Row],[Value USD]]/RawTx[[#This Row],[Quantity]] | N98: =RawTx[[#This Row],[Value IDR]]/RawTx[[#This Row],[Quantity]] | O98: 830E-5 HPT MAX STD C/W ACCESSORIES PO REFERENCE : 3015034410 | P98: Komatsu | Q98: 830E-5 | R98: 28143 | S98: =IFERROR($R98/$G98,"") | T98: NA | U98: NA | V98: NA | W98: =IF(ISNUMBER($T98),$T98*$J98*Assumptions!$B$4,"NA") | X98: =IF(ISNUMBER($U98),$U98*$J98*Assumptions!$B$4,"NA") | Y98: =IF(ISNUMBER($V98),$V98*$J98*Assumptions!$B$4,"NA")
A99: Austin Engineering | B99: Dump bodies/truck trays | C99: Austin Engineering Limited | D99: Parent/Affiliate | E99: Australia | F99: 2024 | G99: 1 | H99: 290960 | I99: AUD | J99: =IF($I99="AUD",Assumptions!$B$2,Assumptions!$B$3) | K99: =$G99*$H99*$J99 | L99: =$K99*Assumptions!$B$4 | M99: =RawTx[[#This Row],[Value USD]]/RawTx[[#This Row],[Quantity]] | N99: =RawTx[[#This Row],[Value IDR]]/RawTx[[#This Row],[Quantity]] | O99: 830E-5 HPT MAX STD C/W ACCESSORIES PO REFERENCE : 3015034410 | P99: Komatsu | Q99: 830E-5 | R99: 28143 | S99: =IFERROR($R99/$G99,"") | T99: NA | U99: NA | V99: NA | W99: =IF(ISNUMBER($T99),$T99*$J99*Assumptions!$B$4,"NA") | X99: =IF(ISNUMBER($U99),$U99*$J99*Assumptions!$B$4,"NA") | Y99: =IF(ISNUMBER($V99),$V99*$J99*Assumptions!$B$4,"NA")
A100: Austin Engineering | B100: Dump bodies/truck trays | C100: Austin Engineering Limited | D100: Parent/Affiliate | E100: Australia | F100: 2024 | G100: 4 | H100: 71712.3 | I100: AUD | J100: =IF($I100="AUD",Assumptions!$B$2,Assumptions!$B$3) | K100: =$G100*$H100*$J100 | L100: =$K100*Assumptions!$B$4 | M100: =RawTx[[#This Row],[Value USD]]/RawTx[[#This Row],[Quantity]] | N100: =RawTx[[#This Row],[Value IDR]]/RawTx[[#This Row],[Quantity]] | O100: 830E-5 HPT MAX STD C/W ACCESSORIES PO REFERENCE : 3015016729, 30149631 | P100: Komatsu | Q100: 830E-5 | R100: 112572 | S100: =IFERROR($R100/$G100,"") | T100: NA | U100: NA | V100: NA | W100: =IF(ISNUMBER($T100),$T100*$J100*Assumptions!$B$4,"NA") | X100: =IF(ISNUMBER($U100),$U100*$J100*Assumptions!$B$4,"NA") | Y100: =IF(ISNUMBER($V100),$V100*$J100*Assumptions!$B$4,"NA")
A101: Austin Engineering | B101: Dump bodies/truck trays | C101: Austin Engineering Limited | D101: Parent/Affiliate | E101: Australia | F101: 2024 | G101: 5 | H101: 195543.38 | I101: AUD | J101: =IF($I101="AUD",Assumptions!$B$2,Assumptions!$B$3) | K101: =$G101*$H101*$J101 | L101: =$K101*Assumptions!$B$4 | M101: =RawTx[[#This Row],[Value USD]]/RawTx[[#This Row],[Quantity]] | N101: =RawTx[[#This Row],[Value IDR]]/RawTx[[#This Row],[Quantity]] | O101: 930 HPT MAX STD C/W ACCESSORIES PO REFERENCE : 014834116, 3014834121, 3 | P101: Komatsu | Q101: 930 | R101: 154880 | S101: =IFERROR($R101/$G101,"") | T101: 29832.6 | U101: 3073.81 | V101: 1469590 | W101: =IF(ISNUMBER($T101),$T101*$J101*Assumptions!$B$4,"NA") | X101: =IF(ISNUMBER($U101),$U101*$J101*Assumptions!$B$4,"NA") | Y101: =IF(ISNUMBER($V101),$V101*$J101*Assumptions!$B$4,"NA")
A102: Austin Engineering | B102: Dump bodies/truck trays | C102: Austin Engineering Limited | D102: Parent/Affiliate | E102: Australia | F102: 2024 | G102: 2 | H102: 212753.34 | I102: AUD | J102: =IF($I102="AUD",Assumptions!$B$2,Assumptions!$B$3) | K102: =$G102*$H102*$J102 | L102: =$K102*Assumptions!$B$4 | M102: =RawTx[[#This Row],[Value USD]]/RawTx[[#This Row],[Quantity]] | N102: =RawTx[[#This Row],[Value IDR]]/RawTx[[#This Row],[Quantity]] | O102: CATERPILLAR 785C TRUCK BODY C/W BODY ADDITION | P102: Caterpillar | Q102: 785C | R102: 42066 | S102: =IFERROR($R102/$G102,"") | T102: 12983.3 | U102: 1337.74 | V102: 639572 | W102: =IF(ISNUMBER($T102),$T102*$J102*Assumptions!$B$4,"NA") | X102: =IF(ISNUMBER($U102),$U102*$J102*Assumptions!$B$4,"NA") | Y102: =IF(ISNUMBER($V102),$V102*$J102*Assumptions!$B$4,"NA")
A103: Austin Engineering | B103: Dump bodies/truck trays | C103: Austin Engineering Limited | D103: Parent/Affiliate | E103: Australia | F103: 2024 | G103: 2 | H103: 159893 | I103: AUD | J103: =IF($I103="AUD",Assumptions!$B$2,Assumptions!$B$3) | K103: =$G103*$H103*$J103 | L103: =$K103*Assumptions!$B$4 | M103: =RawTx[[#This Row],[Value USD]]/RawTx[[#This Row],[Quantity]] | N103: =RawTx[[#This Row],[Value IDR]]/RawTx[[#This Row],[Quantity]] | O103: CATERPILLAR 785C TRUCK BODY C/W BODY ADDITION | P103: Caterpillar | Q103: 785C | R103: 42066 | S103: =IFERROR($R103/$G103,"") | T103: 12983.3 | U103: 1337.74 | V103: 639572 | W103: =IF(ISNUMBER($T103),$T103*$J103*Assumptions!$B$4,"NA") | X103: =IF(ISNUMBER($U103),$U103*$J103*Assumptions!$B$4,"NA") | Y103: =IF(ISNUMBER($V103),$V103*$J103*Assumptions!$B$4,"NA")
A104: Austin Engineering | B104: Dump bodies/truck trays | C104: Austin Engineering Limited | D104: Parent/Affiliate | E104: Australia | F104: 2024 | G104: 5 | H104: 58783.6 | I104: AUD | J104: =IF($I104="AUD",Assumptions!$B$2,Assumptions!$B$3) | K104: =$G104*$H104*$J104 | L104: =$K104*Assumptions!$B$4 | M104: =RawTx[[#This Row],[Value USD]]/RawTx[[#This Row],[Quantity]] | N104: =RawTx[[#This Row],[Value IDR]]/RawTx[[#This Row],[Quantity]] | O104: 930 HPT MAX STD C/W ACCESSORIES PO REFERENCE : 3014833474, 3014834112, | P104: Komatsu | Q104: 930 | R104: 154880 | S104: =IFERROR($R104/$G104,"") | T104: 29832.6 | U104: 3073.81 | V104: 1469590 | W104: =IF(ISNUMBER($T104),$T104*$J104*Assumptions!$B$4,"NA") | X104: =IF(ISNUMBER($U104),$U104*$J104*Assumptions!$B$4,"NA") | Y104: =IF(ISNUMBER($V104),$V104*$J104*Assumptions!$B$4,"NA")
...

Sheet Notes
A1: Item | B1: Detail
A2: Structure | B2: Raw Data holds one row per transaction as an Excel table (RawTx) with header filters. Filter any column to isolate exact transactions with their original goods description, brand, model, net weight and customer category.
A3: Buyer name merges | B3: Six buyer names were merged per instruction: Austin Enginnering Limited (2023/2024 rows) to Austin Engineering Limited, Tuprag Metal Madencilik Sanayi ve Tic to Tuprag Metal Madencilik, Gounkoto to Gounkoto SA, HBS Machinery PNG to HBS PNG Limited, Monrobe Consolidated Goldfields to Morobe Consolidated Goldfields Limited, Quad Efficient Engineeringpty Limited to Quad Efficient Engineering Pty Limited, and AST Trading Inc to Advanced Steel Technology.
A4: Two Austin entities | B4: Austin Engineering Limited and Austin Enginnering Limited (double-N) remain separate for 2025 data, as the source platform lists them as distinct importers. Both are classified as Principal (manufacturer/body-builder).
A5: Customer Category | B5: Owner, Contractor, Principal, Trader/Distributor or Fabricator, verified per buyer against public industry sources (company websites, mining news, Wikipedia), not inferred from name alone. See Assumptions for definitions used.
A6: Brand / Type-Model | B6: Extracted from Original Goods Description only where the truck brand and model are explicitly identifiable. Spare parts, tanks, trailers, cyanide sparge tanks and generic hardware are marked NA rather than guessed.
A7: IDR conversion | B7: Value IDR = Value USD x rate in Assumptions!B4 (17,500). Edit that one cell to refresh every sheet, including Raw Data and every pivot's Total IDR column.
A8: Dropped rows | B8: 10 rows with non-integer quantity were removed (Orica Australia / SSB Unit / 2026). 8 rows of 'Komatsu 830 Ultima/Westech Truck Bodies Components' (Austin, Australia, 2023) were removed per instruction.
A9: Every combination shown | B9: P5 Full Matrix lists all categories x competitors including zero-value combinations, so a competitor's absence from a category is a real zero, not a missing row.
A10: P6 new sheet | B10: Customer Category x Competitor shows which competitor sells most to Owners vs Contractors vs Fabricators vs Traders vs Principals.
A11: 2026 | B11: Covers January to September 2026 only.
A12: Formulas | B12: All pivots use live SUMIFS/COUNTIFS against Raw Data. Insert new rows inside the RawTx table and every pivot updates automatically.
